num,keyword,pattern,persona,sec,slides,file
01,ライバー始め方,質問回答1,,39,7,01_ライバー始め方_質問回答1.md
01,ライバー始め方,質問回答2,,38,7,01_ライバー始め方_質問回答2.md
01,ライバー始め方,数字インパクト,,36,8,01_ライバー始め方_数字インパクト.md
01,ライバー始め方,ポイント紹介,,38,10,01_ライバー始め方_ポイント紹介.md
01,ライバー始め方,比較してみた,,47,9,01_ライバー始め方_比較してみた.md
01,ライバー始め方,TOP3,,28,9,01_ライバー始め方_TOP3.md
01,ライバー始め方,よくある誤解,,36,6,01_ライバー始め方_よくある誤解.md
01,ライバー始め方,対話解説,,37,8,01_ライバー始め方_対話解説.md
02,Pococha稼げる,質問回答1,,29,5,02_Pococha稼げる_質問回答1.md
02,Pococha稼げる,質問回答2,,30,5,02_Pococha稼げる_質問回答2.md
02,Pococha稼げる,数字インパクト,,30,8,02_Pococha稼げる_数字インパクト.md
02,Pococha稼げる,比較してみた,,28,9,02_Pococha稼げる_比較してみた.md
02,Pococha稼げる,TOP3,,31,9,02_Pococha稼げる_TOP3.md
02,Pococha稼げる,よくある誤解,,30,6,02_Pococha稼げる_よくある誤解.md
02,Pococha稼げる,対話解説,,34,8,02_Pococha稼げる_対話解説.md
03,事務所選び方,質問回答1,,30,7,03_事務所選び方_質問回答1.md
03,事務所選び方,質問回答2,,30,7,03_事務所選び方_質問回答2.md
03,事務所選び方,数字インパクト,,32,8,03_事務所選び方_数字インパクト.md
03,事務所選び方,比較してみた,,24,6,03_事務所選び方_比較してみた.md
03,事務所選び方,TOP3,,32,9,03_事務所選び方_TOP3.md
03,事務所選び方,よくある誤解,,28,6,03_事務所選び方_よくある誤解.md
03,事務所選び方,対話解説,,36,8,03_事務所選び方_対話解説.md
04,配信初心者コツ,質問回答1,,31,5,04_配信初心者コツ_質問回答1.md
04,配信初心者コツ,質問回答2,,31,5,04_配信初心者コツ_質問回答2.md
04,配信初心者コツ,数字インパクト,,30,8,04_配信初心者コツ_数字インパクト.md
04,配信初心者コツ,ポイント紹介,,34,10,04_配信初心者コツ_ポイント紹介.md
04,配信初心者コツ,TOP3,,30,9,04_配信初心者コツ_TOP3.md
04,配信初心者コツ,よくある誤解,,30,6,04_配信初心者コツ_よくある誤解.md
04,配信初心者コツ,対話解説,,34,8,04_配信初心者コツ_対話解説.md
05,ライバー収入現実,質問回答1,,28,7,05_ライバー収入現実_質問回答1.md
05,ライバー収入現実,質問回答2,,28,7,05_ライバー収入現実_質問回答2.md
05,ライバー収入現実,数字インパクト,,29,8,05_ライバー収入現実_数字インパクト.md
05,ライバー収入現実,比較してみた,,36,9,05_ライバー収入現実_比較してみた.md
05,ライバー収入現実,TOP3,,34,9,05_ライバー収入現実_TOP3.md
05,ライバー収入現実,よくある誤解,,30,6,05_ライバー収入現実_よくある誤解.md
05,ライバー収入現実,対話解説,,32,8,05_ライバー収入現実_対話解説.md
06,在宅副業おすすめ,質問回答1,副業,34,7,06_在宅副業おすすめ_質問回答1.md
06,在宅副業おすすめ,質問回答2,副業,35,7,06_在宅副業おすすめ_質問回答2.md
06,在宅副業おすすめ,数字インパクト,副業,30,8,06_在宅副業おすすめ_数字インパクト.md
06,在宅副業おすすめ,ポイント紹介,副業,30,10,06_在宅副業おすすめ_ポイント紹介.md
06,在宅副業おすすめ,比較してみた,副業,22,6,06_在宅副業おすすめ_比較してみた.md
06,在宅副業おすすめ,TOP3,副業,36,9,06_在宅副業おすすめ_TOP3.md
06,在宅副業おすすめ,よくある誤解,副業,24,6,06_在宅副業おすすめ_よくある誤解.md
06,在宅副業おすすめ,対話解説,副業,33,8,06_在宅副業おすすめ_対話解説.md
07,Pococha時間ダイヤ完全ガイド,質問回答1,,34,7,07_Pococha時間ダイヤ完全ガイド_質問回答1.md
07,Pococha時間ダイヤ完全ガイド,質問回答2,,32,7,07_Pococha時間ダイヤ完全ガイド_質問回答2.md
07,Pococha時間ダイヤ完全ガイド,数字インパクト,,26,8,07_Pococha時間ダイヤ完全ガイド_数字インパクト.md
07,Pococha時間ダイヤ完全ガイド,比較してみた,,28,9,07_Pococha時間ダイヤ完全ガイド_比較してみた.md
07,Pococha時間ダイヤ完全ガイド,TOP3,,35,9,07_Pococha時間ダイヤ完全ガイド_TOP3.md
07,Pococha時間ダイヤ完全ガイド,対話解説,,30,8,07_Pococha時間ダイヤ完全ガイド_対話解説.md
08,ライバー事務所フリー比較,質問回答1,,30,7,08_ライバー事務所フリー比較_質問回答1.md
08,ライバー事務所フリー比較,質問回答2,,28,7,08_ライバー事務所フリー比較_質問回答2.md
08,ライバー事務所フリー比較,数字インパクト,,30,8,08_ライバー事務所フリー比較_数字インパクト.md
08,ライバー事務所フリー比較,比較してみた,,43,9,08_ライバー事務所フリー比較_比較してみた.md
08,ライバー事務所フリー比較,TOP3,,38,9,08_ライバー事務所フリー比較_TOP3.md
08,ライバー事務所フリー比較,よくある誤解,,26,6,08_ライバー事務所フリー比較_よくある誤解.md
08,ライバー事務所フリー比較,対話解説,,34,8,08_ライバー事務所フリー比較_対話解説.md
09,顔出しなしライバー,質問回答1,顔出しなし,34,7,09_顔出しなしライバー_質問回答1.md
09,顔出しなしライバー,質問回答2,顔出しなし,33,7,09_顔出しなしライバー_質問回答2.md
09,顔出しなしライバー,数字インパクト,顔出しなし,33,8,09_顔出しなしライバー_数字インパクト.md
09,顔出しなしライバー,ポイント紹介,顔出しなし,35,10,09_顔出しなしライバー_ポイント紹介.md
09,顔出しなしライバー,TOP3,顔出しなし,36,9,09_顔出しなしライバー_TOP3.md
09,顔出しなしライバー,よくある誤解,顔出しなし,27,6,09_顔出しなしライバー_よくある誤解.md
09,顔出しなしライバー,対話解説,顔出しなし,37,8,09_顔出しなしライバー_対話解説.md
10,大学生ライバー,質問回答1,大学生,26,7,10_大学生ライバー_質問回答1.md
10,大学生ライバー,質問回答2,大学生,26,7,10_大学生ライバー_質問回答2.md
10,大学生ライバー,数字インパクト,大学生,29,8,10_大学生ライバー_数字インパクト.md
10,大学生ライバー,ポイント紹介,大学生,28,10,10_大学生ライバー_ポイント紹介.md
10,大学生ライバー,比較してみた,大学生,24,6,10_大学生ライバー_比較してみた.md
10,大学生ライバー,TOP3,大学生,32,9,10_大学生ライバー_TOP3.md
10,大学生ライバー,よくある誤解,大学生,30,6,10_大学生ライバー_よくある誤解.md
10,大学生ライバー,対話解説,大学生,32,8,10_大学生ライバー_対話解説.md
11,主婦ライバー,質問回答1,主婦,27,7,11_主婦ライバー_質問回答1.md
11,主婦ライバー,質問回答2,主婦,26,7,11_主婦ライバー_質問回答2.md
11,主婦ライバー,数字インパクト,主婦,30,8,11_主婦ライバー_数字インパクト.md
11,主婦ライバー,ポイント紹介,主婦,30,10,11_主婦ライバー_ポイント紹介.md
11,主婦ライバー,比較してみた,主婦,23,6,11_主婦ライバー_比較してみた.md
11,主婦ライバー,TOP3,主婦,32,9,11_主婦ライバー_TOP3.md
11,主婦ライバー,よくある誤解,主婦,28,6,11_主婦ライバー_よくある誤解.md
11,主婦ライバー,対話解説,主婦,33,8,11_主婦ライバー_対話解説.md
12,ライバー確定申告,質問回答1,副業,36,7,12_ライバー確定申告_質問回答1.md
12,ライバー確定申告,質問回答2,副業,34,7,12_ライバー確定申告_質問回答2.md
12,ライバー確定申告,数字インパクト,副業,33,8,12_ライバー確定申告_数字インパクト.md
12,ライバー確定申告,比較してみた,副業,42,9,12_ライバー確定申告_比較してみた.md
12,ライバー確定申告,TOP3,副業,34,9,12_ライバー確定申告_TOP3.md
12,ライバー確定申告,対話解説,副業,36,8,12_ライバー確定申告_対話解説.md
13,ライバーイベント攻略,質問回答1,,36,7,13_ライバーイベント攻略_質問回答1.md
13,ライバーイベント攻略,質問回答2,,36,7,13_ライバーイベント攻略_質問回答2.md
13,ライバーイベント攻略,数字インパクト,,36,8,13_ライバーイベント攻略_数字インパクト.md
13,ライバーイベント攻略,TOP3,,32,9,13_ライバーイベント攻略_TOP3.md
13,ライバーイベント攻略,よくある誤解,,30,6,13_ライバーイベント攻略_よくある誤解.md
13,ライバーイベント攻略,対話解説,,37,8,13_ライバーイベント攻略_対話解説.md
14,ライバー辞めたい,質問回答1,,30,5,14_ライバー辞めたい_質問回答1.md
14,ライバー辞めたい,質問回答2,,30,5,14_ライバー辞めたい_質問回答2.md
14,ライバー辞めたい,数字インパクト,,37,8,14_ライバー辞めたい_数字インパクト.md
14,ライバー辞めたい,ポイント紹介,,27,10,14_ライバー辞めたい_ポイント紹介.md
14,ライバー辞めたい,TOP3,,32,9,14_ライバー辞めたい_TOP3.md
14,ライバー辞めたい,よくある誤解,,28,6,14_ライバー辞めたい_よくある誤解.md
14,ライバー辞めたい,対話解説,,37,8,14_ライバー辞めたい_対話解説.md
15,ライバー男性,質問回答1,男性,37,7,15_ライバー男性_質問回答1.md
15,ライバー男性,質問回答2,男性,36,7,15_ライバー男性_質問回答2.md
15,ライバー男性,数字インパクト,男性,36,8,15_ライバー男性_数字インパクト.md
15,ライバー男性,ポイント紹介,男性,26,10,15_ライバー男性_ポイント紹介.md
15,ライバー男性,TOP3,男性,34,9,15_ライバー男性_TOP3.md
15,ライバー男性,よくある誤解,男性,31,6,15_ライバー男性_よくある誤解.md
15,ライバー男性,対話解説,男性,37,8,15_ライバー男性_対話解説.md
16,ライバー還元率,質問回答1,,32,7,16_ライバー還元率_質問回答1.md
16,ライバー還元率,質問回答2,,32,7,16_ライバー還元率_質問回答2.md
16,ライバー還元率,数字インパクト,,32,8,16_ライバー還元率_数字インパクト.md
16,ライバー還元率,比較してみた,,30,9,16_ライバー還元率_比較してみた.md
16,ライバー還元率,TOP3,,29,9,16_ライバー還元率_TOP3.md
16,ライバー還元率,対話解説,,34,8,16_ライバー還元率_対話解説.md
17,ライバー面接対策,質問回答1,,31,7,17_ライバー面接対策_質問回答1.md
17,ライバー面接対策,質問回答2,,30,7,17_ライバー面接対策_質問回答2.md
17,ライバー面接対策,数字インパクト,,29,8,17_ライバー面接対策_数字インパクト.md
17,ライバー面接対策,ポイント紹介,,26,10,17_ライバー面接対策_ポイント紹介.md
17,ライバー面接対策,TOP3,,33,9,17_ライバー面接対策_TOP3.md
17,ライバー面接対策,よくある誤解,,29,6,17_ライバー面接対策_よくある誤解.md
17,ライバー面接対策,対話解説,,32,8,17_ライバー面接対策_対話解説.md
18,Pocochaランク上げ方,質問回答1,,36,7,18_Pocochaランク上げ方_質問回答1.md
18,Pocochaランク上げ方,質問回答2,,35,7,18_Pocochaランク上げ方_質問回答2.md
18,Pocochaランク上げ方,数字インパクト,,32,8,18_Pocochaランク上げ方_数字インパクト.md
18,Pocochaランク上げ方,比較してみた,,46,9,18_Pocochaランク上げ方_比較してみた.md
18,Pocochaランク上げ方,TOP3,,30,9,18_Pocochaランク上げ方_TOP3.md
18,Pocochaランク上げ方,対話解説,,34,8,18_Pocochaランク上げ方_対話解説.md
19,ライバー機材おすすめ,質問回答1,,30,5,19_ライバー機材おすすめ_質問回答1.md
19,ライバー機材おすすめ,質問回答2,,30,5,19_ライバー機材おすすめ_質問回答2.md
19,ライバー機材おすすめ,数字インパクト,,40,8,19_ライバー機材おすすめ_数字インパクト.md
19,ライバー機材おすすめ,TOP3,,41,9,19_ライバー機材おすすめ_TOP3.md
19,ライバー機材おすすめ,よくある誤解,,33,6,19_ライバー機材おすすめ_よくある誤解.md
19,ライバー機材おすすめ,対話解説,,38,8,19_ライバー機材おすすめ_対話解説.md
20,ライバー配信ネタ,質問回答1,,27,7,20_ライバー配信ネタ_質問回答1.md
20,ライバー配信ネタ,質問回答2,,29,7,20_ライバー配信ネタ_質問回答2.md
20,ライバー配信ネタ,数字インパクト,,27,8,20_ライバー配信ネタ_数字インパクト.md
20,ライバー配信ネタ,TOP3,,32,9,20_ライバー配信ネタ_TOP3.md
20,ライバー配信ネタ,対話解説,,30,8,20_ライバー配信ネタ_対話解説.md
21,ライバー伸びない原因,質問回答1,,32,7,21_ライバー伸びない原因_質問回答1.md
21,ライバー伸びない原因,質問回答2,,33,7,21_ライバー伸びない原因_質問回答2.md
21,ライバー伸びない原因,数字インパクト,,28,8,21_ライバー伸びない原因_数字インパクト.md
21,ライバー伸びない原因,TOP3,,32,9,21_ライバー伸びない原因_TOP3.md
21,ライバー伸びない原因,対話解説,,31,8,21_ライバー伸びない原因_対話解説.md
22,30代ライバー,質問回答1,,32,7,22_30代ライバー_質問回答1.md
22,30代ライバー,質問回答2,,33,7,22_30代ライバー_質問回答2.md
22,30代ライバー,数字インパクト,,33,8,22_30代ライバー_数字インパクト.md
22,30代ライバー,ポイント紹介,,30,10,22_30代ライバー_ポイント紹介.md
22,30代ライバー,TOP3,,34,9,22_30代ライバー_TOP3.md
22,30代ライバー,対話解説,,37,8,22_30代ライバー_対話解説.md
23,ライブ配信市場将来性,質問回答1,,23,7,23_ライブ配信市場将来性_質問回答1.md
23,ライブ配信市場将来性,質問回答2,,22,7,23_ライブ配信市場将来性_質問回答2.md
23,ライブ配信市場将来性,数字インパクト,,24,8,23_ライブ配信市場将来性_数字インパクト.md
23,ライブ配信市場将来性,ポイント紹介,,32,10,23_ライブ配信市場将来性_ポイント紹介.md
23,ライブ配信市場将来性,TOP3,,32,9,23_ライブ配信市場将来性_TOP3.md
23,ライブ配信市場将来性,よくある誤解,,22,6,23_ライブ配信市場将来性_よくある誤解.md
23,ライブ配信市場将来性,対話解説,,28,8,23_ライブ配信市場将来性_対話解説.md
24,ライバー事務所代理店,質問回答1,副業,29,7,24_ライバー事務所代理店_質問回答1.md
24,ライバー事務所代理店,質問回答2,副業,29,7,24_ライバー事務所代理店_質問回答2.md
24,ライバー事務所代理店,数字インパクト,副業,28,8,24_ライバー事務所代理店_数字インパクト.md
24,ライバー事務所代理店,TOP3,副業,30,9,24_ライバー事務所代理店_TOP3.md
24,ライバー事務所代理店,対話解説,副業,31,8,24_ライバー事務所代理店_対話解説.md
25,ライバーマネージャー,質問回答1,,33,7,25_ライバーマネージャー_質問回答1.md
25,ライバーマネージャー,質問回答2,,31,7,25_ライバーマネージャー_質問回答2.md
25,ライバーマネージャー,数字インパクト,,32,8,25_ライバーマネージャー_数字インパクト.md
25,ライバーマネージャー,TOP3,,30,9,25_ライバーマネージャー_TOP3.md
25,ライバーマネージャー,対話解説,,33,8,25_ライバーマネージャー_対話解説.md
26,ライバー副業バレない,質問回答1,副業,18,5,26_ライバー副業バレない_質問回答1.md
26,ライバー副業バレない,質問回答2,副業,19,5,26_ライバー副業バレない_質問回答2.md
26,ライバー副業バレない,数字インパクト,副業,31,8,26_ライバー副業バレない_数字インパクト.md
26,ライバー副業バレない,TOP3,副業,30,9,26_ライバー副業バレない_TOP3.md
26,ライバー副業バレない,対話解説,副業,33,8,26_ライバー副業バレない_対話解説.md
27,ライバー事務所おすすめランキング,質問回答1,,31,7,27_ライバー事務所おすすめランキング_質問回答1.md
27,ライバー事務所おすすめランキング,質問回答2,,32,7,27_ライバー事務所おすすめランキング_質問回答2.md
27,ライバー事務所おすすめランキング,数字インパクト,,31,8,27_ライバー事務所おすすめランキング_数字インパクト.md
27,ライバー事務所おすすめランキング,ポイント紹介,,25,8,27_ライバー事務所おすすめランキング_ポイント紹介.md
27,ライバー事務所おすすめランキング,比較してみた,,46,9,27_ライバー事務所おすすめランキング_比較してみた.md
27,ライバー事務所おすすめランキング,TOP3,,34,9,27_ライバー事務所おすすめランキング_TOP3.md
27,ライバー事務所おすすめランキング,よくある誤解,,30,6,27_ライバー事務所おすすめランキング_よくある誤解.md
27,ライバー事務所おすすめランキング,対話解説,,34,8,27_ライバー事務所おすすめランキング_対話解説.md
28,ライバー1日スケジュール,質問回答1,副業,30,7,28_ライバー1日スケジュール_質問回答1.md
28,ライバー1日スケジュール,質問回答2,副業,31,7,28_ライバー1日スケジュール_質問回答2.md
28,ライバー1日スケジュール,数字インパクト,副業,27,8,28_ライバー1日スケジュール_数字インパクト.md
28,ライバー1日スケジュール,比較してみた,副業,30,6,28_ライバー1日スケジュール_比較してみた.md
28,ライバー1日スケジュール,TOP3,副業,36,9,28_ライバー1日スケジュール_TOP3.md
28,ライバー1日スケジュール,対話解説,副業,30,8,28_ライバー1日スケジュール_対話解説.md
29,ライバー事務所怪しい見分け方,質問回答1,,34,7,29_ライバー事務所怪しい見分け方_質問回答1.md
29,ライバー事務所怪しい見分け方,質問回答2,,34,7,29_ライバー事務所怪しい見分け方_質問回答2.md
29,ライバー事務所怪しい見分け方,数字インパクト,,34,8,29_ライバー事務所怪しい見分け方_数字インパクト.md
29,ライバー事務所怪しい見分け方,TOP3,,36,9,29_ライバー事務所怪しい見分け方_TOP3.md
29,ライバー事務所怪しい見分け方,よくある誤解,,27,6,29_ライバー事務所怪しい見分け方_よくある誤解.md
29,ライバー事務所怪しい見分け方,対話解説,,37,8,29_ライバー事務所怪しい見分け方_対話解説.md
30,ライバーファン増やし方,質問回答1,,33,7,30_ライバーファン増やし方_質問回答1.md
30,ライバーファン増やし方,質問回答2,,35,7,30_ライバーファン増やし方_質問回答2.md
30,ライバーファン増やし方,数字インパクト,,34,8,30_ライバーファン増やし方_数字インパクト.md
30,ライバーファン増やし方,比較してみた,,49,9,30_ライバーファン増やし方_比較してみた.md
30,ライバーファン増やし方,TOP3,,28,9,30_ライバーファン増やし方_TOP3.md
30,ライバーファン増やし方,よくある誤解,,25,6,30_ライバーファン増やし方_よくある誤解.md
30,ライバーファン増やし方,対話解説,,38,8,30_ライバーファン増やし方_対話解説.md
31,ライバーメンタルケア,質問回答1,,34,7,31_ライバーメンタルケア_質問回答1.md
31,ライバーメンタルケア,質問回答2,,36,7,31_ライバーメンタルケア_質問回答2.md
31,ライバーメンタルケア,数字インパクト,,32,8,31_ライバーメンタルケア_数字インパクト.md
31,ライバーメンタルケア,ポイント紹介,,31,10,31_ライバーメンタルケア_ポイント紹介.md
31,ライバーメンタルケア,比較してみた,,35,6,31_ライバーメンタルケア_比較してみた.md
31,ライバーメンタルケア,TOP3,,35,9,31_ライバーメンタルケア_TOP3.md
31,ライバーメンタルケア,よくある誤解,,30,6,31_ライバーメンタルケア_よくある誤解.md
31,ライバーメンタルケア,対話解説,,35,8,31_ライバーメンタルケア_対話解説.md
32,ライバー事務所移籍,質問回答1,,31,7,32_ライバー事務所移籍_質問回答1.md
32,ライバー事務所移籍,質問回答2,,29,7,32_ライバー事務所移籍_質問回答2.md
32,ライバー事務所移籍,数字インパクト,,28,8,32_ライバー事務所移籍_数字インパクト.md
32,ライバー事務所移籍,ポイント紹介,,28,10,32_ライバー事務所移籍_ポイント紹介.md
32,ライバー事務所移籍,比較してみた,,25,6,32_ライバー事務所移籍_比較してみた.md
32,ライバー事務所移籍,TOP3,,27,9,32_ライバー事務所移籍_TOP3.md
32,ライバー事務所移籍,よくある誤解,,25,6,32_ライバー事務所移籍_よくある誤解.md
32,ライバー事務所移籍,対話解説,,31,8,32_ライバー事務所移籍_対話解説.md
33,ライブ配信アプリ比較,質問回答1,,36,7,33_ライブ配信アプリ比較_質問回答1.md
33,ライブ配信アプリ比較,質問回答2,,36,7,33_ライブ配信アプリ比較_質問回答2.md
33,ライブ配信アプリ比較,数字インパクト,,32,8,33_ライブ配信アプリ比較_数字インパクト.md
33,ライブ配信アプリ比較,比較してみた,,31,6,33_ライブ配信アプリ比較_比較してみた.md
33,ライブ配信アプリ比較,TOP3,,36,9,33_ライブ配信アプリ比較_TOP3.md
33,ライブ配信アプリ比較,よくある誤解,,24,6,33_ライブ配信アプリ比較_よくある誤解.md
33,ライブ配信アプリ比較,対話解説,,36,8,33_ライブ配信アプリ比較_対話解説.md
34,ライバー容姿関係ない,質問回答1,,29,5,34_ライバー容姿関係ない_質問回答1.md
34,ライバー容姿関係ない,質問回答2,,37,7,34_ライバー容姿関係ない_質問回答2.md
34,ライバー容姿関係ない,数字インパクト,,34,8,34_ライバー容姿関係ない_数字インパクト.md
34,ライバー容姿関係ない,TOP3,,30,9,34_ライバー容姿関係ない_TOP3.md
34,ライバー容姿関係ない,よくある誤解,,34,6,34_ライバー容姿関係ない_よくある誤解.md
34,ライバー容姿関係ない,対話解説,,37,8,34_ライバー容姿関係ない_対話解説.md
35,ライバー事務所契約書注意点,質問回答1,,26,7,35_ライバー事務所契約書注意点_質問回答1.md
35,ライバー事務所契約書注意点,質問回答2,,28,7,35_ライバー事務所契約書注意点_質問回答2.md
35,ライバー事務所契約書注意点,数字インパクト,,26,8,35_ライバー事務所契約書注意点_数字インパクト.md
35,ライバー事務所契約書注意点,比較してみた,,32,6,35_ライバー事務所契約書注意点_比較してみた.md
35,ライバー事務所契約書注意点,TOP3,,36,9,35_ライバー事務所契約書注意点_TOP3.md
35,ライバー事務所契約書注意点,よくある誤解,,23,6,35_ライバー事務所契約書注意点_よくある誤解.md
35,ライバー事務所契約書注意点,対話解説,,30,8,35_ライバー事務所契約書注意点_対話解説.md
36,ライバーコラボ配信,質問回答1,,35,7,36_ライバーコラボ配信_質問回答1.md
36,ライバーコラボ配信,質問回答2,,38,7,36_ライバーコラボ配信_質問回答2.md
36,ライバーコラボ配信,数字インパクト,,34,8,36_ライバーコラボ配信_数字インパクト.md
36,ライバーコラボ配信,ポイント紹介,,30,10,36_ライバーコラボ配信_ポイント紹介.md
36,ライバーコラボ配信,TOP3,,29,9,36_ライバーコラボ配信_TOP3.md
36,ライバーコラボ配信,対話解説,,37,8,36_ライバーコラボ配信_対話解説.md
37,ライバー月収平均2026,質問回答1,,35,7,37_ライバー月収平均2026_質問回答1.md
37,ライバー月収平均2026,質問回答2,,35,7,37_ライバー月収平均2026_質問回答2.md
37,ライバー月収平均2026,数字インパクト,,36,8,37_ライバー月収平均2026_数字インパクト.md
37,ライバー月収平均2026,TOP3,,30,9,37_ライバー月収平均2026_TOP3.md
37,ライバー月収平均2026,よくある誤解,,31,6,37_ライバー月収平均2026_よくある誤解.md
37,ライバー月収平均2026,対話解説,,37,8,37_ライバー月収平均2026_対話解説.md
38,ライバー代理店副業始め方ステップ,質問回答1,副業,36,7,38_ライバー代理店副業始め方ステップ_質問回答1.md
38,ライバー代理店副業始め方ステップ,質問回答2,副業,32,7,38_ライバー代理店副業始め方ステップ_質問回答2.md
38,ライバー代理店副業始め方ステップ,数字インパクト,副業,32,8,38_ライバー代理店副業始め方ステップ_数字インパクト.md
38,ライバー代理店副業始め方ステップ,比較してみた,副業,32,9,38_ライバー代理店副業始め方ステップ_比較してみた.md
38,ライバー代理店副業始め方ステップ,TOP3,副業,32,9,38_ライバー代理店副業始め方ステップ_TOP3.md
38,ライバー代理店副業始め方ステップ,よくある誤解,副業,32,6,38_ライバー代理店副業始め方ステップ_よくある誤解.md
38,ライバー代理店副業始め方ステップ,対話解説,副業,35,8,38_ライバー代理店副業始め方ステップ_対話解説.md
39,ライバー代理店稼げる収入リアル,質問回答1,,36,7,39_ライバー代理店稼げる収入リアル_質問回答1.md
39,ライバー代理店稼げる収入リアル,質問回答2,,36,7,39_ライバー代理店稼げる収入リアル_質問回答2.md
39,ライバー代理店稼げる収入リアル,数字インパクト,,38,8,39_ライバー代理店稼げる収入リアル_数字インパクト.md
39,ライバー代理店稼げる収入リアル,比較してみた,,46,9,39_ライバー代理店稼げる収入リアル_比較してみた.md
39,ライバー代理店稼げる収入リアル,TOP3,,36,9,39_ライバー代理店稼げる収入リアル_TOP3.md
39,ライバー代理店稼げる収入リアル,よくある誤解,,32,6,39_ライバー代理店稼げる収入リアル_よくある誤解.md
39,ライバー代理店稼げる収入リアル,対話解説,,38,8,39_ライバー代理店稼げる収入リアル_対話解説.md
40,ライバー事務所の仕組み報酬体系完全図解,質問回答1,,36,7,40_ライバー事務所の仕組み報酬体系完全図解_質問回答1.md
40,ライバー事務所の仕組み報酬体系完全図解,質問回答2,,36,7,40_ライバー事務所の仕組み報酬体系完全図解_質問回答2.md
40,ライバー事務所の仕組み報酬体系完全図解,数字インパクト,,37,8,40_ライバー事務所の仕組み報酬体系完全図解_数字インパクト.md
40,ライバー事務所の仕組み報酬体系完全図解,比較してみた,,32,6,40_ライバー事務所の仕組み報酬体系完全図解_比較してみた.md
40,ライバー事務所の仕組み報酬体系完全図解,TOP3,,30,9,40_ライバー事務所の仕組み報酬体系完全図解_TOP3.md
40,ライバー事務所の仕組み報酬体系完全図解,よくある誤解,,34,6,40_ライバー事務所の仕組み報酬体系完全図解_よくある誤解.md
40,ライバー事務所の仕組み報酬体系完全図解,対話解説,,38,8,40_ライバー事務所の仕組み報酬体系完全図解_対話解説.md
41,40代50代ライバー始め方,質問回答1,,33,7,41_40代50代ライバー始め方_質問回答1.md
41,40代50代ライバー始め方,質問回答2,,29,5,41_40代50代ライバー始め方_質問回答2.md
41,40代50代ライバー始め方,数字インパクト,,37,8,41_40代50代ライバー始め方_数字インパクト.md
41,40代50代ライバー始め方,ポイント紹介,,34,10,41_40代50代ライバー始め方_ポイント紹介.md
41,40代50代ライバー始め方,比較してみた,,43,9,41_40代50代ライバー始め方_比較してみた.md
41,40代50代ライバー始め方,TOP3,,38,9,41_40代50代ライバー始め方_TOP3.md
41,40代50代ライバー始め方,対話解説,,38,8,41_40代50代ライバー始め方_対話解説.md
42,ライバー代理店スカウト術DM返信率,質問回答1,,30,5,42_ライバー代理店スカウト術DM返信率_質問回答1.md
42,ライバー代理店スカウト術DM返信率,質問回答2,,30,5,42_ライバー代理店スカウト術DM返信率_質問回答2.md
42,ライバー代理店スカウト術DM返信率,数字インパクト,,38,8,42_ライバー代理店スカウト術DM返信率_数字インパクト.md
42,ライバー代理店スカウト術DM返信率,ポイント紹介,,31,10,42_ライバー代理店スカウト術DM返信率_ポイント紹介.md
42,ライバー代理店スカウト術DM返信率,比較してみた,,44,9,42_ライバー代理店スカウト術DM返信率_比較してみた.md
42,ライバー代理店スカウト術DM返信率,TOP3,,36,9,42_ライバー代理店スカウト術DM返信率_TOP3.md
42,ライバー代理店スカウト術DM返信率,よくある誤解,,34,6,42_ライバー代理店スカウト術DM返信率_よくある誤解.md
42,ライバー代理店スカウト術DM返信率,対話解説,,40,8,42_ライバー代理店スカウト術DM返信率_対話解説.md
43,ライバー事務所開業方法代理店との違い,質問回答1,,30,5,43_ライバー事務所開業方法代理店との違い_質問回答1.md
43,ライバー事務所開業方法代理店との違い,質問回答2,,32,5,43_ライバー事務所開業方法代理店との違い_質問回答2.md
43,ライバー事務所開業方法代理店との違い,数字インパクト,,36,8,43_ライバー事務所開業方法代理店との違い_数字インパクト.md
43,ライバー事務所開業方法代理店との違い,比較してみた,,44,9,43_ライバー事務所開業方法代理店との違い_比較してみた.md
43,ライバー事務所開業方法代理店との違い,TOP3,,34,9,43_ライバー事務所開業方法代理店との違い_TOP3.md
43,ライバー事務所開業方法代理店との違い,対話解説,,36,8,43_ライバー事務所開業方法代理店との違い_対話解説.md
44,初配信コツ,質問回答1,,33,7,44_初配信コツ_質問回答1.md
44,初配信コツ,質問回答2,,33,7,44_初配信コツ_質問回答2.md
44,初配信コツ,数字インパクト,,32,8,44_初配信コツ_数字インパクト.md
44,初配信コツ,TOP3,,35,9,44_初配信コツ_TOP3.md
44,初配信コツ,対話解説,,35,8,44_初配信コツ_対話解説.md
45,ライバー時給,質問回答1,,38,7,45_ライバー時給_質問回答1.md
45,ライバー時給,質問回答2,,29,5,45_ライバー時給_質問回答2.md
45,ライバー時給,数字インパクト,,30,8,45_ライバー時給_数字インパクト.md
45,ライバー時給,対話解説,,33,8,45_ライバー時給_対話解説.md
46,ライバー向いてる人,質問回答1,,32,7,46_ライバー向いてる人_質問回答1.md
46,ライバー向いてる人,質問回答2,,29,5,46_ライバー向いてる人_質問回答2.md
46,ライバー向いてる人,数字インパクト,,31,8,46_ライバー向いてる人_数字インパクト.md
46,ライバー向いてる人,対話解説,,35,8,46_ライバー向いてる人_対話解説.md
47,副業月5万在宅,質問回答1,副業,37,7,47_副業月5万在宅_質問回答1.md
47,副業月5万在宅,質問回答2,副業,36,7,47_副業月5万在宅_質問回答2.md
47,副業月5万在宅,数字インパクト,副業,34,8,47_副業月5万在宅_数字インパクト.md
47,副業月5万在宅,対話解説,副業,37,8,47_副業月5万在宅_対話解説.md
