media_id,posted_at,permalink,media_type,format,reach,views,saved,likes,comments,shares,total_interactions,profile_visits,follows,save_rate,eng_rate,queue_id,source_type,viral_type,theme,slides,caption_head
18023589731896856,2026-08-07T20:44:56+09:00,https://www.instagram.com/p/DbvNh5eDvmQ/,CAROUSEL_ALBUM,カルーセル,0,0,0,0,0,0,0,0,0,0,0,ig_viral_011,viral,howto,Pococha「オフの日」の正しい使い方,8,✨ オフの日、ただ休んでるだけじゃもったいない！戦略的に使ってライバルに差をつけよう。
18107800898283663,2026-08-05T21:51:32+09:00,https://www.instagram.com/p/DbqLj0FmKPc/,CAROUSEL_ALBUM,カルーセル,0,0,0,0,0,0,0,0,0,0,0,ig_viral_010,viral,honne,ギフトが飛ぶ瞬間には共通点がある,8,なんであの人の枠にはギフトが飛ぶんだろう？ その秘密、実は「心」の話なんだ。
18362214733210851,2026-08-03T22:41:12+09:00,https://www.instagram.com/p/DblHpktEec-/,CAROUSEL_ALBUM,カルーセル,0,0,0,0,0,0,0,0,0,0,0,ig_viral_009,viral,howto,配信機材、最初はスマホだけでいい話,8,配信始めるのに機材は不要！その理由と、あとから足す優先順位を解説します。
18322596400263936,2026-07-31T21:55:17+09:00,https://www.instagram.com/p/DbdUBBvnEqy/,CAROUSEL_ALBUM,カルーセル,0,0,0,0,0,0,0,0,0,0,0,ig_viral_008,viral,story,事務所選びで手取りが変わるという話,8,「え、事務所選びってそんなに大事なの？」そう思ったあなたへ🤔
18070687313418788,2026-07-29T22:00:38+09:00,https://www.instagram.com/p/DbYLCF2HTXn/,CAROUSEL_ALBUM,カルーセル,0,0,0,0,0,0,0,0,0,0,0,ig_viral_007,viral,mental,配信で病まないための考え方,8,ライブ配信、心から楽しめてる？ 病む前に知ってほしい3つの思考法。
18035116667828423,2026-07-27T22:39:33+09:00,https://www.instagram.com/p/DbTF5V1Frmb/,CAROUSEL_ALBUM,カルーセル,0,0,0,0,0,0,0,0,0,0,0,ig_viral_006,viral,ng,怪しいライバー勧誘の見分け方,8,DMスカウト、安易に信じちゃダメ。損する前にチェックしてほしい話があるよ！
17990545517828517,2026-07-24T21:18:44+09:00,https://www.instagram.com/p/DbLORL7nFCr/,CAROUSEL_ALBUM,カルーセル,0,0,0,0,0,0,0,0,0,0,0,ig_viral_005,viral,ng,配信で絶対やってはいけないNG行動5つ,7,知らず知らずのうちにやっちゃってない？
17930698557122786,2026-07-22T21:25:24+09:00,https://www.instagram.com/p/DbGFb-cllVp/,CAROUSEL_ALBUM,カルーセル,0,0,0,0,0,0,0,0,0,0,0,ig_viral_004,viral,mental,配信の「間」が怖くなくなる考え方,8,配信中の沈黙で焦るの、もうやめない？『間』は最強の武器になるよ。✨
18106874459022182,2026-07-20T22:05:32+09:00,https://www.instagram.com/p/DbBAcODjN0y/,CAROUSEL_ALBUM,カルーセル,0,0,0,0,0,0,0,0,0,0,0,ig_viral_003,viral,ng,ランク上げで失敗する人の典型パターン,7,「なんか最近、配信が楽しくない…」それは、もしかしたら危険信号かも。
18158911678480185,2026-07-18T00:40:29+09:00,https://www.instagram.com/p/Da5jk53sYKH/,IMAGE,単画像,0,0,0,0,0,0,0,0,0,0,0,,,,,1,4月に初配信。
18020476049894879,2026-07-17T21:09:47+09:00,https://www.instagram.com/p/Da5LrTejFOD/,CAROUSEL_ALBUM,カルーセル,0,0,0,0,0,0,0,0,0,0,0,ig_viral_002,viral,story,会社員から専業になったSさんの話,8,「会社員から専業ライバーへ。」多くの人が憧れるサクセスストーリーだけど、実は裏側には現実的なステップがあったんだ。
17939243766273555,2026-07-15T21:15:15+09:00,https://www.instagram.com/p/Da0Ct3skpet/,CAROUSEL_ALBUM,カルーセル,0,0,0,0,0,0,0,0,0,0,0,ig_viral_001,viral,howto,顔出しなしでも配信できるという話,9,顔出しなしでも、あなたの魅力は伝わる。ライブ配信の新しい扉を開こう！
18094406984611944,2026-07-13T22:23:20+09:00,https://www.instagram.com/p/DavA6YLlsbj/,CAROUSEL_ALBUM,カルーセル,0,0,0,0,0,0,0,0,0,0,0,ig_viral_000,viral,honne,副業ライバーの現実を正直に話す,9,「ライブ配信、すぐ稼げる」って発信、ちょっと待って。その甘い言葉の裏側を話します。
18125147626580309,2026-06-30T00:10:19+09:00,https://www.instagram.com/p/DaLJn3Ms9uh/,IMAGE,単画像,0,0,0,0,0,0,0,0,0,0,0,,,,,1,むう🍓💚くん、オリ曲イベント2位入賞おめでとうございます！🎉
18128646229613933,2026-06-08T23:48:26+09:00,https://www.instagram.com/p/DZVC1C0kujt/,IMAGE,単画像,0,0,0,0,0,0,0,0,0,0,0,,,,,1,Pococha、2ヶ月でB2ランク。これ、事務所の裏技があった話です。
18083176823449016,2026-06-05T22:56:19+09:00,https://www.instagram.com/p/DZNOekxFS_-/,IMAGE,単画像,0,0,0,0,0,0,0,0,0,0,0,,,,,1,老後にもらえる年金、会社員の半分以下。これ、ライバーの現実です。
18063632984650767,2026-06-04T21:35:04+09:00,https://www.instagram.com/p/DZKgXlwM6lb/,IMAGE,単画像,0,0,0,0,0,0,0,0,0,0,0,,,,,1,㊗️新人戦9位入賞 ＆ 男性ライバー1位獲得🏆
18326066863252128,2026-06-04T00:27:42+09:00,https://www.instagram.com/p/DZIPWRAlvqA/,IMAGE,単画像,0,0,0,0,0,0,0,0,0,0,0,,,,,1,年間最大84万円も控除。これ、ライバーが使える節税の話です。
18205049617349403,2026-06-02T01:37:01+09:00,https://www.instagram.com/p/DZDNsPkFhIk/,IMAGE,単画像,0,0,0,0,0,0,0,0,0,0,0,,,,,1,これ知らないと、手元に残るお金が年間何十万円も減る。マジです。
17991832316978459,2026-05-29T22:59:47+09:00,https://www.instagram.com/p/DY7NT0YGWX4/,IMAGE,単画像,0,0,0,0,0,0,0,0,0,0,0,ig_auto_060,twitter,,ライバーが最初にやるべきこと,1,ライブ配信、始めるならまず何から？実はやるべきことはたった3つ。
18122622478643362,2026-05-27T23:27:23+09:00,https://www.instagram.com/p/DY2G4jIGeUa/,IMAGE,単画像,0,0,0,0,0,0,0,0,0,0,0,ig_auto_059,twitter,,「配信で何話せばいいかわからない」,1,ライブ配信、話すネタに困ってない？実は超簡単です。
18324566257269103,2026-05-25T22:59:44+09:00,https://www.instagram.com/p/DYw6H7poOKc/,IMAGE,単画像,0,0,0,0,0,0,0,0,0,0,0,ig_auto_058,twitter,,配信で一番大事なことって何だと思う？,1,これ知らないで始めて、最初の3ヶ月を無駄にする人が多すぎる。ライバー収益を最大化する秘訣はこれだ。
18096116003269539,2026-05-22T22:34:10+09:00,https://www.instagram.com/p/DYpI0MgFtyS/,IMAGE,単画像,0,0,0,0,0,0,0,0,0,0,0,ig_auto_057,twitter,,ライバーの裏側ぶっちゃけます,1,時給100円以下。これがライバーのリアルなスタートです。
17897234337308086,2026-05-20T22:38:47+09:00,https://www.instagram.com/p/DYj_wgtmheZ/,IMAGE,単画像,0,0,0,0,0,0,0,0,0,0,0,ig_auto_056,twitter,,ライバー事務所に入る vs 個人でやる,1,ライブ配信、一人でやるのと事務所に入るの、どっちが正解？答えは明確。
17940955497038496,2026-05-18T23:30:18+09:00,https://www.instagram.com/p/DYe8Dy4Fps9/,IMAGE,単画像,0,0,0,0,0,0,0,0,0,0,0,ig_auto_055,twitter,,配信プラットフォームの選び方,1,"時給最大3,200円。これ、ライブ配信の話です。"
18101711627053257,2026-05-16T20:52:00+09:00,https://www.instagram.com/p/DYZgWyoDL6J/,IMAGE,単画像,0,0,0,0,0,0,0,0,0,0,0,ig_auto_054,twitter,,シングルマザーのライバーさん,1,パートの3倍。たった2時間の配信で、月15万、これ現実です。
17879961411432908,2026-05-16T08:27:35+09:00,https://www.instagram.com/p/DYYLKf3GtLo/,IMAGE,単画像,0,0,0,0,0,0,0,0,0,0,0,ig_auto_053,twitter,,知り合いのライバーの話,1,人見知りなのに、月収20万円。これ、ライブ配信の真実です。
17908844592222777,2026-05-15T21:54:17+09:00,https://www.instagram.com/p/DYXCr_QFjHk/,IMAGE,単画像,0,0,0,0,0,0,0,0,0,0,0,ig_auto_052,twitter,,会社員の1日 vs ライバーの1日,1,会社員とライバー、自由なのはどっち？答えは明確です。
18079329617190872,2026-05-15T08:28:10+09:00,https://www.instagram.com/p/DYVmcQhjOxA/,IMAGE,単画像,0,0,0,0,0,0,0,0,0,0,0,ig_auto_051,twitter,,「ライブ配信って怪しくない？」,1,親に『怪しい』と言われて諦めた人、損してます。たった半年で稼げるのに。
17867741172618536,2026-05-14T21:26:01+09:00,https://www.instagram.com/p/DYUaqEBoC2D/,IMAGE,単画像,0,0,0,0,0,0,0,0,0,0,0,ig_auto_050,twitter,,顔出しなしで稼いでるライバーの配信スタイル,1,顔出しなしで月収20万。その秘密、知ってますか？
18039983729630686,2026-05-14T08:36:48+09:00,https://www.instagram.com/p/DYTCoOoluIA/,IMAGE,単画像,0,0,0,0,0,0,0,0,0,0,0,ig_auto_049,twitter,,配信で伸びる人と伸びない人の違い,1,ライブ配信、伸びる人と伸び悩む人の決定的な差、知ってる？
18051685784744182,2026-05-13T22:11:13+09:00,https://www.instagram.com/p/DYR7Cf-IDP7/,IMAGE,単画像,0,0,0,0,0,0,0,0,0,0,0,ig_auto_048,twitter,,ライブ配信で月10万稼ぐまでの,1,最初の3ヶ月で挫折する人が多すぎる。ライブ配信のリアルな道筋。
18115742977752370,2026-05-11T08:14:19+09:00,https://www.instagram.com/p/DYLRq0FCTxc/,IMAGE,単画像,0,0,0,0,0,0,0,0,0,0,0,ig_auto_047,twitter,,配信者さんに質問,1,ライブ配信、リスナーも収益も伸びないのはなぜ？その答えは、意外なほどシンプルです。
18067062278359580,2026-05-10T20:52:43+09:00,https://www.instagram.com/p/DYKDqzgICvf/,IMAGE,単画像,0,0,0,0,0,0,0,0,0,0,0,ig_auto_046,twitter,,今の仕事の満足度を正直に,1,今の仕事、正直満足してる？辞めたいなら、ライブ配信を見よう。
17890678695352110,2026-05-10T08:14:03+09:00,https://www.instagram.com/p/DYIs2d8jb6x/,IMAGE,単画像,0,0,0,0,0,0,0,0,0,0,0,ig_auto_045,twitter,,ぶっちゃけ聞きたいんだけど,1,何話せばいいか悩む？顔出し怖い？解決策、全部見せます。
18262963204293073,2026-05-09T20:51:53+09:00,https://www.instagram.com/p/DYHexazIAYN/,IMAGE,単画像,0,0,0,0,0,0,0,0,0,0,0,ig_auto_044,twitter,,副業の種類と現実,1,ブログ半年収益ゼロ。ライブ配信なら初日から収益化、本当の話です。
18105130075758374,2026-05-09T08:28:48+09:00,https://www.instagram.com/p/DYGJvWfjefY/,IMAGE,単画像,0,0,0,0,0,0,0,0,0,0,0,ig_auto_043,twitter,,配信始めてから変わったこと,1,未経験からたった3ヶ月で、人生が変わった。その理由、教えます。
18108814525917904,2026-05-08T21:09:09+09:00,https://www.instagram.com/p/DYE79VSDo82/,IMAGE,単画像,0,0,0,0,0,0,0,0,0,0,0,ig_auto_042,twitter,,「ライブ配信やってみたい」,1,99%が始めない。ライブ配信の不安、実は解決済み。
18127002199608840,2026-05-08T08:27:37+09:00,https://www.instagram.com/p/DYDkz3BHIG_/,IMAGE,単画像,0,0,0,0,0,0,0,0,0,0,0,ig_auto_041,twitter,,配信者の収入を会社の同僚に言えない問題,1,副業収入、誰にも言えない悩み。実は会社員の倍でした。
18094762724225156,2026-05-07T23:12:35+09:00,https://www.instagram.com/p/DYClSnYoOm0/,IMAGE,単画像,0,0,0,0,0,0,0,0,0,0,0,ig_auto_040,twitter,,ライブ配信始めた人あるある,1,ライブ配信で挫折する人、理由の9割はこれです。最初の1ヶ月が運命を分けます。
18208743763327268,2026-05-03T16:23:36+09:00,https://www.instagram.com/p/DX3jTYQDjUf/,IMAGE,単画像,0,0,0,0,0,0,0,0,0,0,0,ig_auto_039,blog,,47_副業月5万在宅,1,【副業で月5万稼げない9割の理由🎯】
18124035166618621,2026-05-02T23:16:31+09:00,https://www.instagram.com/p/DX1twvuEmdM/,IMAGE,単画像,0,0,0,0,0,0,0,0,0,0,0,ig_auto_038,blog,,46_ライバー向いてる人,1,【9割が知らない】ライバーで稼ぎ続ける人の共通点
18007551854886729,2026-05-02T15:21:39+09:00,https://www.instagram.com/p/DX03a8slpgI/,IMAGE,単画像,0,0,0,0,0,0,0,0,0,0,0,ig_auto_037,blog,,45_ライバー時給,1,【ライバー9割が知らない時給の落とし穴】
17904053580416349,2026-05-01T16:38:04+09:00,https://www.instagram.com/p/DXybXiMnLAO/,IMAGE,単画像,0,0,0,0,0,0,0,0,0,0,0,ig_auto_036,blog,,44_初配信コツ,1,【初配信で緊張しちゃう？実は8割が翌日消えるワケ】
17936724141217462,2026-05-01T01:09:42+09:00,https://www.instagram.com/p/DXwxHtrkthh/,IMAGE,単画像,0,0,0,0,0,0,0,0,0,0,0,ig_auto_035,blog,,36_ライバーコラボ配信,1,【知らないと損】コラボ配信でファン激増する秘策5選
17885373087513982,2026-04-30T01:57:21+09:00,https://www.instagram.com/p/DXuRyj_FP9w/,IMAGE,単画像,0,0,0,0,0,0,0,0,0,0,0,ig_auto_034,blog,,35_ライバー事務所契約書注意点,1,【知らないと損する！ライバー契約書10の落とし穴】
17922254196336995,2026-04-29T02:15:18+09:00,https://www.instagram.com/p/DXrvDBvm8sr/,IMAGE,単画像,0,0,0,0,0,0,0,0,0,0,0,ig_auto_033,blog,,34_ライバー容姿関係ない,1,【9割が誤解】ライバーの見た目、実は稼ぎに関係ない
18117147982709091,2026-04-28T16:42:30+09:00,https://www.instagram.com/p/DXqtfmhjnzq/,IMAGE,単画像,0,0,0,0,0,0,0,0,0,0,0,ig_auto_032,blog,,33_ライブ配信アプリ比較,1,【9割が知らない】稼げるライブ配信アプリの見分け方
18035915540603856,2026-04-28T01:15:17+09:00,https://www.instagram.com/p/DXpDY0PDZr8/,IMAGE,単画像,0,0,0,0,0,0,0,0,0,0,0,ig_auto_031,blog,,32_ライバー事務所移籍,1,【知らないと損】ライバー事務所移籍で後悔する人の共通点
17868079020525255,2026-04-26T23:11:14+09:00,https://www.instagram.com/p/DXmQZBGGQy0/,IMAGE,単画像,0,0,0,0,0,0,0,0,0,0,0,ig_auto_030,blog,,31_ライバーメンタルケア,1,【華やか裏】ライバーが病む5つの原因と対処法
18078743345395000,2026-04-26T09:08:02+09:00,https://www.instagram.com/p/DXkv5lEjA6w/,IMAGE,単画像,0,0,0,0,0,0,0,0,0,0,0,ig_auto_029,blog,,30_ライバーファン増やし方,1,【リスナー0人から100人のコアファンを作る方法】
17892179544329368,2026-04-25T23:09:48+09:00,https://www.instagram.com/p/DXjrcAvFJr6/,IMAGE,単画像,0,0,0,0,0,0,0,0,0,0,0,ig_auto_028,blog,,29_ライバー事務所怪しい見分け方,1,【9割が知らない】怪しいライバー事務所の罠を見抜く方法
18107577760718578,2026-04-25T09:09:32+09:00,https://www.instagram.com/p/DXiLRK7kg8I/,IMAGE,単画像,0,0,0,0,0,0,0,0,0,0,0,ig_auto_027,blog,,28_ライバー1日スケジュール,1,【月30万ライバーの秘密】実は配信時間より大事なこと
18071204468291938,2026-04-24T23:59:50+09:00,https://www.instagram.com/p/DXhMW0TEzhn/,IMAGE,単画像,0,0,0,0,0,0,0,0,0,0,0,ig_auto_026,blog,,27_ライバー事務所おすすめランキング,1,【知らないと損】悪質ライバー事務所に騙される人の共通点
17953223804965679,2026-04-24T15:22:16+09:00,https://www.instagram.com/p/DXgRIqOGl29/,IMAGE,単画像,0,0,0,0,0,0,0,0,0,0,0,ig_auto_025,blog,,26_ライバー副業バレない,1,【副業ライバー実は会社にバレない5つの秘策】
18105694678928695,2026-04-24T01:54:46+09:00,https://www.instagram.com/p/DXe0uPWABDc/,IMAGE,単画像,0,0,0,0,0,0,0,0,0,0,0,ig_auto_024,blog,,25_ライバーマネージャー,1,【未経験から月10万も？】ライバー業界の「裏方仕事」の全貌
18036306974630631,2026-04-23T15:18:03+09:00,https://www.instagram.com/p/DXdr24QiZYA/,IMAGE,単画像,0,0,0,0,0,0,0,0,0,0,0,ig_auto_023,blog,,24_ライバー事務所代理店,1,【未経験でも月5万稼ぐ】ライバー代理店
18076990574309849,2026-04-23T00:53:12+09:00,https://www.instagram.com/p/DXcI4Y9FQLJ/,IMAGE,単画像,0,0,0,0,0,0,0,0,0,0,0,ig_auto_022,blog,,23_ライブ配信市場将来性,1,【2026年最新】ライブ配信、今から始めても稼げる？
18007874624899205,2026-04-22T09:05:17+09:00,https://www.instagram.com/p/DXacZTaGhCC/,IMAGE,単画像,0,0,0,0,0,0,0,0,0,0,0,ig_auto_021,blog,,22_30代ライバー,1,【30代必見】9割が知らない「今」ライバーを始めるべき理由
17954481899960346,2026-04-22T01:00:03+09:00,https://www.instagram.com/p/DXZk3WlFZxI/,IMAGE,単画像,0,0,0,0,0,0,0,0,0,0,0,ig_auto_020,blog,,21_ライバー伸びない原因,1,【実は…】ライバーが伸びない7つのNG行動
18067746734330462,2026-04-21T15:13:51+09:00,https://www.instagram.com/p/DXYhyCvjsHC/,IMAGE,単画像,0,0,0,0,0,0,0,0,0,0,0,ig_auto_019,blog,,20_ライバー配信ネタ,1,【9割が知らない】配信ネタ50選🎯
18045454265770417,2026-04-20T09:06:20+09:00,https://www.instagram.com/p/DXVS7hukWbh/,IMAGE,単画像,0,0,0,0,0,0,0,0,0,0,0,ig_auto_018,blog,,19_ライバー機材おすすめ,1,【知らないと損する！ライバーが本当に買うべき機材】
18118524673732759,2026-04-19T21:03:29+09:00,https://www.instagram.com/p/DXUANUBDHyq/,IMAGE,単画像,0,0,0,0,0,0,0,0,0,0,0,ig_auto_017,blog,,18_Pocochaランク上げ方,1,【未経験から2ヶ月でBランク達成する裏技】
18104487620309992,2026-04-19T09:03:42+09:00,https://www.instagram.com/p/DXSt1ggjXJD/,IMAGE,単画像,0,0,0,0,0,0,0,0,0,0,0,ig_auto_016,blog,,17_ライバー面接対策,1,【知らないと損する！ライバー面接攻略術】
18113994841765744,2026-04-18T21:06:00+09:00,https://www.instagram.com/p/DXRbszOjoL2/,IMAGE,単画像,0,0,0,0,0,0,0,0,0,0,0,ig_auto_015,blog,,16_ライバー還元率,1,【知らないと年24万損する事務所の見分け方】
18104995645931625,2026-04-18T09:07:30+09:00,https://www.instagram.com/p/DXQJeMckcpY/,IMAGE,単画像,0,0,0,0,0,0,0,0,0,0,0,ig_auto_014,blog,,15_ライバー男性,1,【9割が知らない】男性ライバーが稼げる裏事情🎯
18114119026738141,2026-04-17T15:14:09+09:00,https://www.instagram.com/p/DXOOpGbj8Tz/,IMAGE,単画像,0,0,0,0,0,0,0,0,0,0,0,ig_auto_013,blog,,14_ライバー辞めたい,1,【ライバーの6割が悩む辞めたい病の特効薬】
18315253972260549,2026-04-17T01:13:59+09:00,https://www.instagram.com/p/DXMufZ6j7FB/,IMAGE,単画像,0,0,0,0,0,0,0,0,0,0,0,ig_auto_012,blog,,13_ライバーイベント攻略,1,【9割が知らない】Pocochaイベント入賞の秘策
18081374279108125,2026-04-16T15:13:59+09:00,https://www.instagram.com/p/DXLp1JFlQYH/,IMAGE,単画像,0,0,0,0,0,0,0,0,0,0,0,ig_auto_011,blog,,12_ライバー確定申告,1,【副業ライバー必見】会社バレずに確定申告
17941165143189523,2026-04-15T23:59:00+09:00,https://www.instagram.com/p/DXKBHgrGKaa/,IMAGE,単画像,0,0,0,0,0,0,0,0,0,0,0,ig_auto_010,blog,,11_主婦ライバー,1,【知らないと損！パートより稼げる主婦の働き方】
18582814792029734,2026-04-15T21:33:13+09:00,https://www.instagram.com/p/DXJwb1SCbEc/,IMAGE,単画像,0,0,0,0,0,0,0,0,0,0,0,ig_auto_009,blog,,10_大学生ライバー,1,【時給2倍】バイトより稼げる新常識✨
17891603739332798,2026-04-15T21:31:37+09:00,https://www.instagram.com/p/DXJwPwLICWX/,IMAGE,単画像,0,0,0,0,0,0,0,0,0,0,0,,,,,1,【顔出しなしでも月10万稼ぐ秘密】
18406739539181829,2026-04-15T15:40:13+09:00,https://www.instagram.com/p/DXJICYTDy_r/,IMAGE,単画像,0,0,0,0,0,0,0,0,0,0,0,,,,,1,【未経験なのに初月10万円稼げる秘密】
17908860150382494,2026-04-13T12:06:16+09:00,https://www.instagram.com/p/DXDl9HpjtqY/,IMAGE,単画像,0,0,0,0,0,0,0,0,0,0,0,ig_auto_006,blog,,07_Pococha時間ダイヤ完全ガイド,1,【Pococha時間ダイヤ完全攻略】配信だけで時給〇万円も可能って知ってた？💸
17913842562362930,2026-04-12T21:02:42+09:00,https://www.instagram.com/p/DXB-jP4DR9Z/,IMAGE,単画像,0,0,0,0,0,0,0,0,0,0,0,ig_auto_005,blog,,06_在宅副業おすすめ,1,【2026年版】在宅副業はこれで決まり！スマホ1台で夢を叶えよう✨
17996325542764902,2026-04-12T09:01:26+09:00,https://www.instagram.com/p/DXAsArBFihg/,IMAGE,単画像,0,0,0,0,0,0,0,0,0,0,0,ig_auto_004,blog,,05_ライバー収入現実,1,【ライバー収入のリアル💰 月100万円は夢じゃない？】
18158874622442683,2026-04-11T20:58:39+09:00,https://www.instagram.com/p/DW_ZTCpj_l_/,IMAGE,単画像,0,0,0,0,0,0,0,0,0,0,0,ig_auto_003,blog,,04_配信初心者コツ,1,【ライブ配信🔰初心者必見！最初の1ヶ月でファンを増やす10のコツ✨】
18096999446105428,2026-04-11T09:03:24+09:00,https://www.instagram.com/p/DW-HcDegZ86/,IMAGE,単画像,0,0,0,0,0,0,0,0,0,0,0,ig_auto_002,blog,,03_事務所選び方,1,【ライバー事務所選び｜失敗談ゼロにする㊙️チェックリスト！】
17909541777380517,2026-04-11T00:30:38+09:00,https://www.instagram.com/p/DW9Mwk2CZnG/,IMAGE,単画像,0,0,0,0,0,0,0,0,0,0,0,ig_auto_001,blog,,02_Pococha稼げる,1,【Pocochaで本当に稼げる？🤔 初心者が月10万円を目指す秘訣を大公開！】
