timestamp,post_id,success,caption_preview
2026-04-07 22:21:47,ig_auto_000,False,【スマホ1台で人生激変！？✨】未経験から月10万稼ぐライバーの始め方を完全解説！  「ライバーって気になるけど、何から始めればいいの？特別なスキルが必要？」 そんな不安、もう大丈夫です！😌 実はライバ
2026-04-07 23:29:11,ig_auto_000,True,【スマホ1台で人生激変！？✨】未経験から月10万稼ぐライバーの始め方を完全解説！  「ライバーって気になるけど、何から始めればいいの？特別なスキルが必要？」 そんな不安、もう大丈夫です！😌 実はライバ
2026-04-07 23:44:23,ig_auto_000,True,【スマホ1台で人生激変！？✨】未経験から月10万稼ぐライバーの始め方を完全解説！  「ライバーって気になるけど、何から始めればいいの？特別なスキルが必要？」 そんな不安、もう大丈夫です！😌 実はライバ
2026-04-08 00:55:02,ig_auto_001,False,【Pocochaで本当に稼げる？🤔 初心者が月10万円を目指す秘訣を大公開！】  「Pocochaって本当に稼げるの？」「始めてみたいけど、実際の収入が気になる…」 そう思っているあなたへ！ 結論、*
2026-04-08 00:55:46,ig_auto_001,False,【Pocochaで本当に稼げる？🤔 初心者が月10万円を目指す秘訣を大公開！】  「Pocochaって本当に稼げるの？」「始めてみたいけど、実際の収入が気になる…」 そう思っているあなたへ！ 結論、*
2026-04-11 00:03:26,ig_auto_002,True,【ライバー事務所選び｜失敗談ゼロにする㊙️チェックリスト！】  「ライバー事務所ってたくさんあるけど、どう選べばいいの？」 「変な事務所に入って後悔したくない…」  そう悩んでいるあなたへ💡 実は日本
2026-04-11 11:58:41,ig_auto_003,True,【ライブ配信🔰初心者必見！最初の1ヶ月でファンを増やす10のコツ✨】  「ライブ配信を始めたけど、誰も見てくれない…」「何を話せばいいか分からない…」 そんな悩みを抱える配信初心者さん、安心してくださ
2026-04-12 00:01:29,ig_auto_004,True,【ライバー収入のリアル💰 月100万円は夢じゃない？】  「ライバーって実際いくら稼げるの？」 「月100万円稼いでる人もいるって聞くけど、本当？」  ライバーの収入に関する情報って、誇大なものが多く
2026-04-12 12:02:44,ig_auto_005,True,【2026年版】在宅副業はこれで決まり！スマホ1台で夢を叶えよう✨  「在宅で副業を始めたいけど、何がいいか分からない…」 「初期費用がかかるのは嫌だし、特別なスキルもないから諦めてた…」  そんな悩
2026-04-13 00:03:48,ig_auto_006,False,【Pococha時間ダイヤ完全攻略】配信だけで時給〇万円も可能って知ってた？💸  Pocochaの最大の魅力は、**配信するだけで報酬がもらえる**「時間ダイヤ」制度💎 リスナーさんからのギフトがゼロ
2026-04-13 03:06:18,ig_auto_006,True,【Pococha時間ダイヤ完全攻略】配信だけで時給〇万円も可能って知ってた？💸  Pocochaの最大の魅力は、**配信するだけで報酬がもらえる**「時間ダイヤ」制度💎 リスナーさんからのギフトがゼロ
2026-04-13 11:59:14,ig_auto_006,False,【Pococha時間ダイヤ完全攻略】配信だけで時給〇万円も可能って知ってた？💸  Pocochaの最大の魅力は、**配信するだけで報酬がもらえる**「時間ダイヤ」制度💎 リスナーさんからのギフトがゼロ
2026-04-15 06:10:01,ig_auto_007,False,【未経験なのに初月10万円稼げる秘密】  「ライブ配信で稼ぎたいけど、本当にフリーで結果出せるの？」「事務所に入ると、逆に自由がなくなって、配信内容まで口出しされそう…」って不安に思っていませんか？
2026-04-15 06:10:32,ig_auto_007,False,【未経験なのに初月10万円稼げる秘密】  「ライブ配信で稼ぎたいけど、本当にフリーで結果出せるの？」「事務所に入ると、逆に自由がなくなって、配信内容まで口出しされそう…」って不安に思っていませんか？
2026-04-15 06:11:04,ig_auto_007,False,【未経験なのに初月10万円稼げる秘密】  「ライブ配信で稼ぎたいけど、本当にフリーで結果出せるの？」「事務所に入ると、逆に自由がなくなって、配信内容まで口出しされそう…」って不安に思っていませんか？
2026-04-15 06:14:09,ig_auto_007,False,【未経験なのに初月10万円稼げる秘密】  「ライブ配信で稼ぎたいけど、本当にフリーで結果出せるの？」「事務所に入ると、逆に自由がなくなって、配信内容まで口出しされそう…」って不安に思っていませんか？
2026-04-15 06:14:41,ig_auto_007,False,【未経験なのに初月10万円稼げる秘密】  「ライブ配信で稼ぎたいけど、本当にフリーで結果出せるの？」「事務所に入ると、逆に自由がなくなって、配信内容まで口出しされそう…」って不安に思っていませんか？
2026-04-15 06:15:13,ig_auto_007,False,【未経験なのに初月10万円稼げる秘密】  「ライブ配信で稼ぎたいけど、本当にフリーで結果出せるの？」「事務所に入ると、逆に自由がなくなって、配信内容まで口出しされそう…」って不安に思っていませんか？
2026-04-15 06:18:14,ig_auto_007,False,【未経験なのに初月10万円稼げる秘密】  「ライブ配信で稼ぎたいけど、本当にフリーで結果出せるの？」「事務所に入ると、逆に自由がなくなって、配信内容まで口出しされそう…」って不安に思っていませんか？
2026-04-15 06:18:46,ig_auto_007,False,【未経験なのに初月10万円稼げる秘密】  「ライブ配信で稼ぎたいけど、本当にフリーで結果出せるの？」「事務所に入ると、逆に自由がなくなって、配信内容まで口出しされそう…」って不安に思っていませんか？
2026-04-15 06:19:17,ig_auto_007,False,【未経験なのに初月10万円稼げる秘密】  「ライブ配信で稼ぎたいけど、本当にフリーで結果出せるの？」「事務所に入ると、逆に自由がなくなって、配信内容まで口出しされそう…」って不安に思っていませんか？
2026-04-15 06:36:39,ig_auto_007,False,【未経験なのに初月10万円稼げる秘密】  「ライブ配信で稼ぎたいけど、本当にフリーで結果出せるの？」「事務所に入ると、逆に自由がなくなって、配信内容まで口出しされそう…」って不安に思っていませんか？ 
2026-04-15 06:36:42,ig_auto_007,False,【未経験なのに初月10万円稼げる秘密】  「ライブ配信で稼ぎたいけど、本当にフリーで結果出せるの？」「事務所に入ると、逆に自由がなくなって、配信内容まで口出しされそう…」って不安に思っていませんか？ 
2026-04-15 06:36:44,ig_auto_007,False,【未経験なのに初月10万円稼げる秘密】  「ライブ配信で稼ぎたいけど、本当にフリーで結果出せるの？」「事務所に入ると、逆に自由がなくなって、配信内容まで口出しされそう…」って不安に思っていませんか？ 
2026-04-15 06:40:16,ig_auto_007,True,【未経験なのに初月10万円稼げる秘密】  「ライブ配信で稼ぎたいけど、本当にフリーで結果出せるの？」「事務所に入ると、逆に自由がなくなって、配信内容まで口出しされそう…」って不安に思っていませんか？ 
2026-04-15 12:31:40,ig_auto_008,True,【顔出しなしでも月10万稼ぐ秘密】  ライバーって顔出し必須だと思っていませんか？ わかります、私も最初はそう思って諦めかけていました。  結論、顔出しなしでもライバーとして十分に稼げます。 むしろ、
2026-04-15 12:33:16,ig_auto_009,True,【時給2倍】バイトより稼げる新常識✨  今のバイト、時間も体力も使うのに、お給料なかなか上がらないって悩んでませんか？ わかります。もっと効率よく、自分のペースで稼ぎたいって私もずっと思っていました。
2026-04-15 14:59:02,ig_auto_010,True,【知らないと損！パートより稼げる主婦の働き方】  子育てや家事で忙しいけど、もう少し収入が欲しい…って思ってませんか？ わかります、私も同じでした。でも諦める必要はありません。  結論、子育て中の主婦
2026-04-16 06:14:01,ig_auto_011,True,【副業ライバー必見】会社バレずに確定申告  ライバーとして稼ぎたいけど、確定申告や会社バレが不安で一歩踏み出せない…って思ってませんか？ わかります。私も最初は税金のことが全く分からず、どうすればいい
2026-04-16 16:14:03,ig_auto_012,True,【9割が知らない】Pocochaイベント入賞の秘策  Pocochaのイベント、参加したいけど何すればいいか分からず、入賞なんて自分には無理って思ってませんか？ わかります、私も、どうすれば入賞できる
2026-04-17 06:14:12,ig_auto_013,True,【ライバーの6割が悩む辞めたい病の特効薬】  「リスナーさんが増えない」「配信がつらい…もう辞めたい」 「収入も思ったより伸びなくて、心が折れそう…」 こんな風に感じていませんか？分かります、私も同じ
2026-04-18 00:07:32,ig_auto_014,True,【9割が知らない】男性ライバーが稼げる裏事情🎯  「ライバーって女性の方が有利でしょ？」「男じゃ稼げないって思ってませんか？」 わかります、私も同じように考えていた時期がありました。  結論、男性ライ
2026-04-18 12:06:02,ig_auto_015,True,【知らないと年24万損する事務所の見分け方】  「事務所に入ったら、せっかく稼いだ報酬が減っちゃう？」 「還元率って何？高い方がいいの？そう思ってませんか？わかります、私も同じでした。」  結論、まと
2026-04-19 00:03:46,ig_auto_016,True,【知らないと損する！ライバー面接攻略術】  ライバー事務所の面接って、何を聞かれるのか、どんな雰囲気なのか、不安に感じていませんか？ 「うまく話せなかったらどうしよう…」「落ちたらどうしよう」って、私
2026-04-19 12:03:31,ig_auto_017,True,【未経験から2ヶ月でBランク達成する裏技】  Pocochaで頑張ってるのに全然ランク上がらない… 時間ダイヤ増えなくて落ち込みますよね。私も同じでした。  結論、Pocochaのランク上げは「正しい
2026-04-20 00:06:23,ig_auto_018,True,【知らないと損する！ライバーが本当に買うべき機材】  スマホだけで配信してるけど、なんか垢抜けない…って思ってませんか？ わかります。私も初心者ライバー時代は、機材選びでめちゃくちゃ悩みました。  結
2026-04-21 06:13:53,ig_auto_019,True,【9割が知らない】配信ネタ50選🎯  配信で話すネタが尽きて、リスナーさんが飽きてるかも…って思ってませんか？ わかります、私も毎日「今日何話そう？」って悩んでいました。  結論、配信ネタの尽きない人
2026-04-21 16:00:06,ig_auto_020,True,【実は…】ライバーが伸びない7つのNG行動  「毎日配信してるのに全然伸びない…」「リスナーがなかなか増えない…」って思ってませんか？ わかります、私もライバーを始めたばかりの頃は、同じ壁にぶつかり悩
2026-04-22 00:05:19,ig_auto_021,True,【30代必見】9割が知らない「今」ライバーを始めるべき理由  「30代からライバーなんて、もう遅いかも…」って思ってませんか？ 若い子ばかりのイメージで、自分には無理だと諦めかけているかもしれませんね
2026-04-22 15:53:15,ig_auto_022,True,【2026年最新】ライブ配信、今から始めても稼げる？  「ライブ配信って今からじゃもう遅い？」 「もう飽和してるから、稼げないんじゃないかって不安に思ってませんか？」 わかります、私も始める前は同じ不
2026-04-23 06:18:08,ig_auto_023,True,【未経験でも月5万稼ぐ】ライバー代理店  副業で安定収入を目指したいけど、初期費用や在庫は不安… 本業との両立が難しそうで、なかなか一歩踏み出せない…そう思っていませんか？ わかります。私も最初はそう
2026-04-23 16:54:49,ig_auto_024,True,【未経験から月10万も？】ライバー業界の「裏方仕事」の全貌  特別なスキルや資格もないし、将来のキャリアに漠然とした不安を感じていませんか？ 「自分にできることってなんだろう…」そう考えては諦めていた
2026-04-24 06:22:18,ig_auto_025,True,【副業ライバー実は会社にバレない5つの秘策】  会社に副業がバレたらどうしよう…って不安に思ってませんか？ バレて評価が下がるのは避けたいですよね。わかります、私も同じでした。  結論、適切な対策をす
2026-04-24 14:59:53,ig_auto_026,True,【知らないと損】悪質ライバー事務所に騙される人の共通点  ライバー事務所、どこがいいか悩んでいませんか？ 200社以上ある中から自分に合った場所を見つけるのって難しいですよね。  結論、ライバー事務所
2026-04-25 00:09:35,ig_auto_027,True,【月30万ライバーの秘密】実は配信時間より大事なこと  「ライバーって稼げるって聞くけど、実際のところどんな生活をしているんだろう？」 副業や子育てと両立できるか不安になりますよね。わかります、私も同
2026-04-25 14:09:51,ig_auto_028,True,【9割が知らない】怪しいライバー事務所の罠を見抜く方法  ライバー事務所からDMが来て、正直「怪しい…」って思ってませんか？ 契約して後悔したくない、そんな不安、わかります。私も同じでした。  結論、
2026-04-26 00:08:05,ig_auto_029,True,【リスナー0人から100人のコアファンを作る方法】  配信頑張ってるのに、なかなかリスナーさん増えない、定着しない…って悩んでいませんか？ わかります、私も同じでした。努力が報われないのって本当に辛い
2026-04-26 14:11:16,ig_auto_030,True,【華やか裏】ライバーが病む5つの原因と対処法  配信がつらいのに辞めたくない、リスナーが来ないと焦る、そんな経験ないですか？ わかります。頑張り屋さんのライバーさんほど、一人で抱え込みがちですよね。 
2026-04-27 00:09:35,ig_auto_031,False,【知らないと損】ライバー事務所移籍で後悔する人の共通点  今の事務所でモヤモヤしてるけど、移籍って正直怖い… トラブルなく円満に辞めたいけど、どうすればいいか分からない…って思っていませんか？ わかり
2026-04-27 00:10:07,ig_auto_031,False,【知らないと損】ライバー事務所移籍で後悔する人の共通点  今の事務所でモヤモヤしてるけど、移籍って正直怖い… トラブルなく円満に辞めたいけど、どうすればいいか分からない…って思っていませんか？ わかり
2026-04-27 00:10:37,ig_auto_031,False,【知らないと損】ライバー事務所移籍で後悔する人の共通点  今の事務所でモヤモヤしてるけど、移籍って正直怖い… トラブルなく円満に辞めたいけど、どうすればいいか分からない…って思っていませんか？ わかり
2026-04-27 16:15:20,ig_auto_031,True,【知らないと損】ライバー事務所移籍で後悔する人の共通点  今の事務所でモヤモヤしてるけど、移籍って正直怖い… トラブルなく円満に辞めたいけど、どうすればいいか分からない…って思っていませんか？ わかり
2026-04-28 07:42:33,ig_auto_032,True,【9割が知らない】稼げるライブ配信アプリの見分け方  ライブ配信を始めたいけど、どのアプリを選べばいいか分からず、立ち止まっていませんか？ 自分に合うアプリを見つけられず、始めてもなかなか稼げない…そ
2026-04-28 17:15:21,ig_auto_033,True,【9割が誤解】ライバーの見た目、実は稼ぎに関係ない  ライバーって結局可愛い子しか稼げないんでしょ？ 見た目に自信がないから私には無理だって諦めていませんか？ その気持ち、痛いほどよくわかります。私も
2026-04-29 16:57:24,ig_auto_034,True,【知らないと損する！ライバー契約書10の落とし穴】  契約書って難しくて、読まずにサインしてませんか？ 「もし変な条件があったら…」って不安になりますよね、わかります。  結論、ライバー契約書は必ず「
2026-04-30 07:40:15,ig_auto_035,False,【知らないと損】コラボ配信でファン激増する秘策5選  「毎日配信してるのに、なかなかファンが増えない…」 「コラボ配信って難しそう、相手にどう声をかければいいか分からない」って感じてませんか？ その気
2026-04-30 07:40:46,ig_auto_035,False,【知らないと損】コラボ配信でファン激増する秘策5選  「毎日配信してるのに、なかなかファンが増えない…」 「コラボ配信って難しそう、相手にどう声をかければいいか分からない」って感じてませんか？ その気
2026-04-30 07:41:16,ig_auto_035,False,【知らないと損】コラボ配信でファン激増する秘策5選  「毎日配信してるのに、なかなかファンが増えない…」 「コラボ配信って難しそう、相手にどう声をかければいいか分からない」って感じてませんか？ その気
2026-04-30 16:09:44,ig_auto_035,True,【知らないと損】コラボ配信でファン激増する秘策5選  「毎日配信してるのに、なかなかファンが増えない…」 「コラボ配信って難しそう、相手にどう声をかければいいか分からない」って感じてませんか？ その気
2026-05-01 07:38:06,ig_auto_036,True,【初配信で緊張しちゃう？実は8割が翌日消えるワケ】  「初配信、緊張しすぎて私には向いてないかも…」って思ってませんか？ わかります。私も配信開始ボタンが押せず、リスナー0人で泣いた経験があります。 
2026-05-02 06:21:42,ig_auto_037,True,"【ライバー9割が知らない時給の落とし穴】  「ライバーって時給3,000円って聞いたけど、本当に稼げるの？」 そう思ってませんか？わかります、私も『平均時給1,800円』を信じて始めた一人でした。  "
2026-05-02 14:16:33,ig_auto_038,True,【9割が知らない】ライバーで稼ぎ続ける人の共通点  「私、トーク力ないからライバー向いてないかも…」って思ってませんか？ わかります。当事務所のトップライバーの半数近くが、そう思っていた人でした。  
2026-05-03 07:23:39,ig_auto_039,True,【副業で月5万稼げない9割の理由🎯】  在宅で月5万円稼ぎたい！って思ってませんか？ でも、全然稼げない、時間ばかり取られる…そんな経験ないですか？わかります、私も同じでした。  結論、月5万円稼ぐな
2026-05-07 14:12:37,ig_auto_040,True,ライブ配信で挫折する人、理由の9割はこれです。最初の1ヶ月が運命を分けます。  「『誰も見てくれない配信、これ続けて意味あるの？』」 その不安、痛いほどわかります。でも、誰もが通る道なんです。  結論
2026-05-07 23:27:40,ig_auto_041,True,副業収入、誰にも言えない悩み。実は会社員の倍でした。  「副業で稼いでも、周りに理解されないかも…」 わかる。そのモヤモヤ、私も経験しました。この投稿で全部解決します。  結論、ライバーは『会社に依存
2026-05-08 12:09:12,ig_auto_042,True,99%が始めない。ライブ配信の不安、実は解決済み。  『何話せばいいか分からないし、顔出しも怖い…』 その気持ち、痛いほど分かります。でもこの投稿で全部解決します。  結論、ライブ配信を始める前の漠然
2026-05-08 23:28:51,ig_auto_043,True,未経験からたった3ヶ月で、人生が変わった。その理由、教えます。  「私には何も取り柄がないし、ライブ配信なんて無理」 私もそう思ってました。でも、この投稿を読めば道が見えます。  結論、ライブ配信は『
2026-05-09 11:51:56,ig_auto_044,True,ブログ半年収益ゼロ。ライブ配信なら初日から収益化、本当の話です。  「副業は始めても稼げないし、どうせ私には向いてない…」 そう思っていませんか？実は多くの人が稼ぎ方を間違えています。解決策はここに。
2026-05-09 23:14:06,ig_auto_045,True,何話せばいいか悩む？顔出し怖い？解決策、全部見せます。  「『話すことないし、顔出しも抵抗あるから私には無理…』」 わかる。私もそうでした。でもこの投稿を読めば大丈夫です。  結論、ライブ配信は顔出し
2026-05-10 11:52:45,ig_auto_046,True,今の仕事、正直満足してる？辞めたいなら、ライブ配信を見よう。  「副業はじめたいけど、私には何の取り柄もないし…」 わかる。私も同じでした。でもこの投稿で全部解決します。  結論、ライブ配信は、あなた
2026-05-10 23:14:21,ig_auto_047,True,ライブ配信、リスナーも収益も伸びないのはなぜ？その答えは、意外なほどシンプルです。  「『せっかく配信してるのに、誰も見てくれない…』『頑張っても時給が上がらない…』」 そう思ってるなら、この投稿はあ
2026-05-11 13:49:48,ig_auto_048,False,最初の3ヶ月で挫折する人が多すぎる。ライブ配信のリアルな道筋。  「『ライブ配信って、結局稼げないんでしょ…』」 そう思う気持ち、よくわかる。でも、それはまだ知らないだけ。  結論、ライブ配信で月10
2026-05-11 13:50:18,ig_auto_048,False,最初の3ヶ月で挫折する人が多すぎる。ライブ配信のリアルな道筋。  「『ライブ配信って、結局稼げないんでしょ…』」 そう思う気持ち、よくわかる。でも、それはまだ知らないだけ。  結論、ライブ配信で月10
2026-05-11 13:50:49,ig_auto_048,False,最初の3ヶ月で挫折する人が多すぎる。ライブ配信のリアルな道筋。  「『ライブ配信って、結局稼げないんでしょ…』」 そう思う気持ち、よくわかる。でも、それはまだ知らないだけ。  結論、ライブ配信で月10
2026-05-11 23:28:37,ig_auto_048,False,最初の3ヶ月で挫折する人が多すぎる。ライブ配信のリアルな道筋。  「『ライブ配信って、結局稼げないんでしょ…』」 そう思う気持ち、よくわかる。でも、それはまだ知らないだけ。  結論、ライブ配信で月10
2026-05-11 23:29:07,ig_auto_048,False,最初の3ヶ月で挫折する人が多すぎる。ライブ配信のリアルな道筋。  「『ライブ配信って、結局稼げないんでしょ…』」 そう思う気持ち、よくわかる。でも、それはまだ知らないだけ。  結論、ライブ配信で月10
2026-05-11 23:29:37,ig_auto_048,False,最初の3ヶ月で挫折する人が多すぎる。ライブ配信のリアルな道筋。  「『ライブ配信って、結局稼げないんでしょ…』」 そう思う気持ち、よくわかる。でも、それはまだ知らないだけ。  結論、ライブ配信で月10
2026-05-12 13:03:58,ig_auto_048,False,最初の3ヶ月で挫折する人が多すぎる。ライブ配信のリアルな道筋。  「『ライブ配信って、結局稼げないんでしょ…』」 そう思う気持ち、よくわかる。でも、それはまだ知らないだけ。  結論、ライブ配信で月10
2026-05-12 13:04:28,ig_auto_048,False,最初の3ヶ月で挫折する人が多すぎる。ライブ配信のリアルな道筋。  「『ライブ配信って、結局稼げないんでしょ…』」 そう思う気持ち、よくわかる。でも、それはまだ知らないだけ。  結論、ライブ配信で月10
2026-05-12 13:04:59,ig_auto_048,False,最初の3ヶ月で挫折する人が多すぎる。ライブ配信のリアルな道筋。  「『ライブ配信って、結局稼げないんでしょ…』」 そう思う気持ち、よくわかる。でも、それはまだ知らないだけ。  結論、ライブ配信で月10
2026-05-12 23:34:56,ig_auto_048,False,最初の3ヶ月で挫折する人が多すぎる。ライブ配信のリアルな道筋。  「『ライブ配信って、結局稼げないんでしょ…』」 そう思う気持ち、よくわかる。でも、それはまだ知らないだけ。  結論、ライブ配信で月10
2026-05-12 23:35:27,ig_auto_048,False,最初の3ヶ月で挫折する人が多すぎる。ライブ配信のリアルな道筋。  「『ライブ配信って、結局稼げないんでしょ…』」 そう思う気持ち、よくわかる。でも、それはまだ知らないだけ。  結論、ライブ配信で月10
2026-05-12 23:35:58,ig_auto_048,False,最初の3ヶ月で挫折する人が多すぎる。ライブ配信のリアルな道筋。  「『ライブ配信って、結局稼げないんでしょ…』」 そう思う気持ち、よくわかる。でも、それはまだ知らないだけ。  結論、ライブ配信で月10
2026-05-13 13:11:16,ig_auto_048,True,最初の3ヶ月で挫折する人が多すぎる。ライブ配信のリアルな道筋。  「『ライブ配信って、結局稼げないんでしょ…』」 そう思う気持ち、よくわかる。でも、それはまだ知らないだけ。  結論、ライブ配信で月10
2026-05-13 23:36:49,ig_auto_049,True,ライブ配信、伸びる人と伸び悩む人の決定的な差、知ってる？  「頑張ってるのに、なかなかリスナーさんが増えない…」 わかる。私もそうでした。でもこの違いを知れば、道は開けます。  結論、配信で伸びるか伸
2026-05-14 12:26:04,ig_auto_050,True,顔出しなしで月収20万。その秘密、知ってますか？  「顔出ししないとライバーなんて無理…」そう思い込んでいませんか？ わかる。その気持ち、痛いほど理解できます。でも実は、それは大きな誤解です。  結論
2026-05-14 23:28:12,ig_auto_051,True,親に『怪しい』と言われて諦めた人、損してます。たった半年で稼げるのに。  『親がライブ配信に反対するから、私は無理…』 その気持ち、すごくわかります。でも、その悩み、この投稿で解決します。  結論、ラ
2026-05-15 12:54:20,ig_auto_052,True,会社員とライバー、自由なのはどっち？答えは明確です。  「毎日同じことの繰り返しで、このままでいいのかな…」 その気持ち、痛いほどわかります。でも、人生は自分で選べます。  結論、ライバーは時間と場所
2026-05-15 23:27:37,ig_auto_053,True,人見知りなのに、月収20万円。これ、ライブ配信の真実です。  「私、人見知りだからライブ配信なんて絶対無理…」 そう思ってるなら、この投稿はあなたにこそ読んでほしい。  結論、人見知りこそライブ配信で
2026-05-16 11:52:03,ig_auto_054,True,パートの3倍。たった2時間の配信で、月15万、これ現実です。 「私にはスキルもないし、子育てしながら稼ぐなんて無理…」 わかる。私もそう思ってました。でもこの投稿で、新しい道が見つかります。  結論、
2026-05-18 14:30:21,ig_auto_055,True,"時給最大3,200円。これ、ライブ配信の話です。 「『どの配信アプリが自分に合うのか、全然わからない…』」 「わかる。私も同じでした。でもこの投稿で、あなたにぴったりのプラットフォームが見つかります。"
2026-05-20 13:38:52,ig_auto_056,True,ライブ配信、一人でやるのと事務所に入るの、どっちが正解？答えは明確。  「私、ライバーになりたいけど、どこから手をつけていいか分からないし、一人でできるか不安…」 わかる。私も同じでした。でも、この投
2026-05-22 13:34:13,ig_auto_057,True,時給100円以下。これがライバーのリアルなスタートです。  「ライバーって稼げるんでしょ？」そう思って飛び込んだのに… 現実は甘くない。でも、その先の景色を知れば頑張れるはず。  結論、ライバーは『継
2026-05-25 13:59:46,ig_auto_058,True,これ知らないで始めて、最初の3ヶ月を無駄にする人が多すぎる。ライバー収益を最大化する秘訣はこれだ。  「毎日配信してるのに、全然リスナーが増えない…」 わかる。私も同じでした。でもこの投稿で全部解決し
2026-05-27 14:27:27,ig_auto_059,True,ライブ配信、話すネタに困ってない？実は超簡単です。  「『今日は何を話そう…』配信ボタン押す手が重くなること、ない？」 わかる。私も同じでした。でもこの投稿で、会話が途切れる不安から解放されます。  
2026-05-29 13:59:50,ig_auto_060,True,ライブ配信、始めるならまず何から？実はやるべきことはたった3つ。  『私には特別な才能もないし、何から始めたらいいか分からない…』 わかる。私もそうでした。でもこの投稿で、その悩みに終止符を打ちます。
2026-06-01 16:37:04,ig_auto_061,True,これ知らないと、手元に残るお金が年間何十万円も減る。マジです。  「配信で稼げるようになったけど、税金高いし将来不安…」 わかる。私もそうでした。この投稿でそのモヤモヤ、全部解決します。  結論、本格
2026-06-03 15:27:45,ig_auto_062,True,年間最大84万円も控除。これ、ライバーが使える節税の話です。  「配信で稼いでも、税金でごっそり持ってかれるんでしょ…」 わかる。私も最初はそうでした。でもこの投稿で対策がわかります。  結論、ライバ
2026-06-05 13:56:23,ig_auto_063,True,老後にもらえる年金、会社員の半分以下。これ、ライバーの現実です。  「稼ぎたいけど、将来のこと考えると不安で仕方ない…」 その悩み、私も痛いほどわかります。でも、ちゃんと対策できます。  結論、ライバ
2026-06-08 14:48:29,ig_auto_064,True,Pococha、2ヶ月でB2ランク。これ、事務所の裏技があった話です。  「『短期間でB帯なんて、才能ないと無理でしょ…』」 そう思う気持ち、よくわかります。でも、その考え変わります。  結論、Poc
2026-07-13 13:23:25,ig_viral_000,True,「ライブ配信、すぐ稼げる」って発信、ちょっと待って。その甘い言葉の裏側を話します。  正直、ライブ配信は魔法じゃないです。特に副業で始める場合、最初の数ヶ月は「思ったより稼げないな…」と感じるはず。そ
2026-07-15 12:15:19,ig_viral_001,True,顔出しなしでも、あなたの魅力は伝わる。ライブ配信の新しい扉を開こう！  みんなが思ってる以上に、顔出しなしで成功してるライバーさんって多いんだよね。特に「顔出しはちょっと…」って思ってるあなたには、ラ
2026-07-17 12:09:50,ig_viral_002,True,「会社員から専業ライバーへ。」多くの人が憧れるサクセスストーリーだけど、実は裏側には現実的なステップがあったんだ。  今回紹介するSさんの話は、まさに「堅実」という言葉がぴったり。月100万円を稼げる
2026-07-20 13:05:35,ig_viral_003,True,「なんか最近、配信が楽しくない…」それは、もしかしたら危険信号かも。  ライブ配信を頑張っているのに、なかなか結果が出ない。それどころか、心身ともに疲弊している…そんなライバーさんからの相談、実はめち
2026-07-22 12:25:28,ig_viral_004,True,配信中の沈黙で焦るの、もうやめない？『間』は最強の武器になるよ。✨ ライブ配信を始めたばかりの頃って、無言の時間が本当に怖く感じるよね。私も昔はそうでした。「何か話さなきゃ！」って必死で、気がついたら
2026-07-24 12:18:47,ig_viral_005,True,知らず知らずのうちにやっちゃってない？ リスナーさんが静かに去っていくNG行動5選  配信で頑張ってるのに、なぜかリスナーさんが増えない、むしろ減ってる…って悩んでる人、もしかしたらこの中のどれかを無
2026-07-27 13:39:37,ig_viral_006,True,DMスカウト、安易に信じちゃダメ。損する前にチェックしてほしい話があるよ！  DMスカウトって、ライバーにとって新しいチャンスになる可能性もあるけど、中にはリスナーさんを不安にさせたり、トラブルの原因
2026-07-29 13:00:42,ig_viral_007,True,ライブ配信、心から楽しめてる？ 病む前に知ってほしい3つの思考法。  ライバーって華やかに見えるけど、精神的にしんどいことも多いよね。特に数字を追うと、自分の価値と結びつけちゃって、配信が辛くなること
