key,title,published_at,days_since,pv_all,pv_monthly,pv_weekly,likes,comments,pv_per_day_all,pv_per_day_monthly,category,clusters,tag_count,eyecatch
nadf7bf475ea9,【2026年最新】TikTokLIVE 収益化完全ガイド｜条件・ギフト換金率・月収目安・他アプリ比較を元Sランクが徹底解説,2026-04-25,131,504,280,33,3,0,3.847,9.333,income,TikTokLIVE|収入・お金|比較・選び方,10,1
n4857a2f79084,40代・50代からライバーを始めるのは遅い？実は「大人の配信者」が求められている理由【2026年版】,2026-04-12,144,445,124,11,5,0,3.09,4.133,lifestyle,40-50代,10,1
ne57e6ea14042,【2026年版】ライブ配信アプリ徹底比較10選｜稼ぎやすさ・特徴をプロが解説,2026-04-08,149,345,126,17,0,0,2.315,4.2,comparison,収入・お金|比較・選び方,10,1
nd29c18b06dcc,【2026年最新】Pococha新人期間 完全攻略｜スタートダッシュで人生を変えるための全戦略,2026-04-25,131,316,48,12,0,0,2.412,1.6,beginner,Pococha|新人期間,10,1
ndc2f493ebdde,TikTok LIVE フォロワー1000人を集める方法｜TikTok配信ライバー約50名の実データ全公開【2026年版】,2026-04-29,127,299,108,15,0,0,2.354,3.6,platform,TikTokLIVE,10,1
ne8d3dbf2befc,【2026年最新】顔出しなしでライブ配信する方法を完全比較｜ラジオ配信・アバター配信・声だけで稼ぐルートを現役マネージャーが解説,2026-04-25,131,260,111,11,4,0,1.985,3.7,income,収入・お金|事務所|顔出しなし|比較・選び方,10,1
ne31d02263e2f,ライブ配信のゴールデンタイム完全ガイド｜元Sランクが「リスナーさんが集まる時間帯」を全公開【2026年版】,2026-04-29,127,256,165,25,1,0,2.016,5.5,advanced,配信テク,10,1
ncb75e31303b6,ライブ配信市場の将来性｜2026年の最新データで見る成長トレンドと稼ぎ方,2026-04-06,150,240,37,4,2,0,1.6,1.233,income,収入・お金,10,1
n80a29386b5a8,ライバーの収入はぶっちゃけいくら？｜月収の現実と稼ぐための具体策,2026-04-05,152,239,71,11,6,0,1.572,2.367,income,収入・お金,10,1
n01815f0e5285,ライバー事務所を開業する方法｜代理店との違いと独立ロードマップ【2026年完全版】,2026-04-12,144,230,84,6,3,0,1.597,2.8,comparison,事務所|比較・選び方,10,1
n2a16d2f925ce,ライバー代理店のスカウト術｜DM返信率を上げる実践テクニック【2026年版】,2026-04-12,144,229,117,14,4,0,1.59,3.9,agency,事務所,11,1
n17dbf76c743e,ライバー月収平均はいくら？2026年最新データ｜Pococha・TikTok LIVE・17LIVEの現実と、月20万円までの道のり,2026-04-11,145,211,71,11,3,0,1.455,2.367,income,TikTokLIVE|Pococha|17LIVE|収入・お金,10,1
n79d526cf01a9,顔出しなしでライバーはできる？｜結論と、声だけで月20万円を目指す現実的なルート,2026-04-05,151,205,171,12,3,0,1.358,5.7,income,収入・お金|顔出しなし,10,1
n6006676b8d6e,TikTok ライバー事務所の選び方完全ガイド｜違約金・契約条件・サポートを元Sランクが本音で解説【2026年版】,2026-04-29,127,143,106,11,0,0,1.126,3.533,comparison,TikTokLIVE|事務所|比較・選び方,10,1
n699ef655effb,ライバー事務所の契約書で絶対チェックすべき10項目｜サインする前に読むべき記事,2026-04-08,148,140,10,2,0,0,0.946,0.333,agency,事務所,10,1
n86c0f997ca68,【密着】ライバーの1日スケジュール公開｜専業・副業別のリアルな生活を解説,2026-04-07,149,139,28,6,1,0,0.933,0.933,advanced,副業・両立,10,1
nc02030acfe75,ライバーのコラボ配信のやり方｜ファンを一気に増やすコラボ戦略ガイド,2026-04-08,148,136,14,0,0,0,0.919,0.467,advanced,配信テク,10,1
n04dff5a7bd9c,ライバーが病む原因と対処法｜メンタルを守りながら配信を続ける方法,2026-04-08,149,131,14,4,3,0,0.879,0.467,troubleshooting,メンタル・継続,10,1
n3eef71e830e8,頑張るほど、リスナーさんは離れていく。Pocochaを4年見てきて気づいた「重い枠」の正体,2026-07-13,53,129,75,15,3,0,2.434,2.5,troubleshooting,Pococha|メンタル・継続|配信テク,12,1
n7d6b128296e8,【保存版】ライバーのファンの増やし方｜0人から100人のコアファンを作る戦略,2026-04-08,149,128,44,3,0,0,0.859,1.467,skills,配信テク,10,1
n5fa353fd8dd4,Pococha と TikTok LIVE どっちが稼げる？元Sランクが収入・条件・始め方を徹底比較【2026年版】,2026-04-29,127,122,49,8,0,0,0.961,1.633,income,TikTokLIVE|Pococha|新人期間|収入・お金|比較・選び方,10,1
nf58c6a743c2a,【元Sランクが教える】ライブ配信の緊張を克服する完全メンタル術｜初配信の不安を「武器」に変える方法,2026-04-25,131,120,53,7,0,0,0.916,1.767,troubleshooting,新人期間|メンタル・継続,10,1
n60d572c717f5,ライバー親バレ対策完全ガイド｜元Sランクが「家族に知られず安全に稼ぐ」全テクニックを公開【2026年版】,2026-04-29,127,115,53,5,0,0,0.906,1.767,income,収入・お金|副業・両立,10,1
na08ce1921eb6,"30代からライバーを始めても遅くない？｜実は""今が最適""な5つの理由【2026年版】",2026-04-06,150,114,30,4,5,0,0.76,1.0,lifestyle,,10,1
na737000db46a,【要注意】怪しいライバー事務所の見分け方｜悪質事務所の手口と対処法を徹底解説,2026-04-08,149,109,14,2,0,0,0.732,0.467,agency,事務所,10,1
na725a5bab70f,【Pococha】始めたばかりで人が来ない…配信1ヶ月目に必ずやるべき10のこと｜元Sランクが教える初動完全攻略,2026-05-19,107,108,47,7,1,0,1.009,1.567,troubleshooting,Pococha|新人期間|メンタル・継続,10,1
n3755103dc22e,Pococha時間ダイヤ完全ガイド｜全ランクの時給一覧と最速で上げる方法【2026年公式データ】,2026-04-05,152,106,20,3,4,0,0.697,0.667,income,Pococha|収入・お金,10,1
n03be7c901596,男性ライバーは稼げる？｜男がライブ配信で月20万円稼ぐ方法と実態,2026-04-05,151,103,17,3,2,0,0.682,0.567,lifestyle,収入・お金,10,1
n091ee2617062,主婦がライバーで月20万円稼ぐ方法｜家事・育児と両立できる在宅ワーク,2026-04-05,151,102,11,0,4,0,0.675,0.367,lifestyle,収入・お金|主婦・ママ|副業・両立,10,1
n9bf9cb3baed8,ライバー事務所の仕組みを完全図解｜報酬・マージン・契約の裏側を現役代表が暴露【2026年版】,2026-04-12,144,97,12,0,2,0,0.674,0.4,income,収入・お金|事務所,10,1
n56e9a993492d,【2026年最新】ライバーの始め方を完全解説｜未経験からスマホ1台で月20万を目指す方法,2026-04-05,152,97,12,1,2,0,0.638,0.4,beginner,新人期間,10,1
n84121e6b7eab,ライバー事務所の移籍・変更方法｜円満に退所して新しい事務所に移るための全手順,2026-04-08,149,95,13,2,0,0,0.638,0.433,agency,事務所,10,1
n5c1ad907b6dc,TikTok LIVEでギフトを増やす方法｜視聴者が「送りたくなる」配信の作り方,2026-05-03,123,93,43,7,0,0,0.756,1.433,income,TikTokLIVE|収入・お金,10,1
n19e20c40b3f1,【2026年最新】Pocochaのダイヤ換金完全ガイド｜元Sランクが教える換金率・出金日・手数料・税金の全知識,2026-04-25,131,89,31,6,1,0,0.679,1.033,income,Pococha|収入・お金|税金・制度,10,1
ne7911c5b9ce9,ライバーマネージャーとは？仕事内容・なり方・年収を徹底解説【2026年版】,2026-04-06,150,87,14,1,2,0,0.58,0.467,income,収入・お金|事務所,10,1
n6b2f4704cdcc,ライバーに容姿は関係ない？見た目に自信がなくても稼げる理由と戦略を解説,2026-04-08,149,81,6,0,0,0,0.544,0.2,income,収入・お金,10,1
nbf2bbf7674b7,ライバー雑談ネタ100選｜元Sランクが「コメント爆増する話題」をジャンル別に全公開【2026年版】,2026-04-29,127,80,53,14,0,0,0.63,1.767,advanced,配信テク,10,1
n71c820dc9e48,TikTok LIVE で稼げない7つの原因｜元Sランクが「月0円→月20万円」に変えた逆転ロジック【2026年版】,2026-04-29,127,79,50,6,0,0,0.622,1.667,income,TikTokLIVE|収入・お金,10,1
n80252e1ef58c,ライブ配信初心者が最初の1ヶ月で失敗しないための10のコツ,2026-04-05,152,77,13,1,2,0,0.507,0.433,troubleshooting,新人期間,9,1
n6194f89cb2aa,【2026年最新版】Pocochaライバーの始め方完全ガイド｜初心者がゼロから月20万円稼ぐロードマップ,2026-04-24,132,76,23,1,1,0,0.576,0.767,income,Pococha|新人期間|収入・お金,10,1
n20ca338bddb0,TikTok LIVE が伸びない本当の原因｜フォロワー増えない・視聴者来ない人へ,2026-05-03,123,75,29,4,1,0,0.61,0.967,troubleshooting,TikTokLIVE|メンタル・継続,10,1
na36a4968c3bc,ライバー事務所の還元率の真実｜100%還元が当たり前？悪質事務所の見分け方,2026-04-05,151,74,18,2,2,0,0.49,0.6,agency,事務所,10,1
n2dc730f02053,Pocochaは本当に稼げる？｜収入の仕組みと月20万円を達成するリアルな方法,2026-04-05,152,72,25,2,4,0,0.474,0.833,income,Pococha|収入・お金,10,1
nda7de26c889e,【Pococha】コメントが来ない・ROM専ばかりの枠を脱出する方法｜元Sランクが教える「沈黙の枠」の壊し方,2026-05-19,107,67,38,17,1,0,0.626,1.267,troubleshooting,Pococha|メンタル・継続|配信テク,10,1
n8e088d985eab,【保存版】御新規さんをコアファンに変えるPococha配信運用｜初見→フォロー→常連→太客の全導線,2026-06-14,81,65,25,5,4,2,0.802,0.833,skills,Pococha|配信テク,10,1
na0a86db07e89,配信中リスナーさん0人の時の対処法｜元Sランクが「枠が枯れる地獄」から抜け出す全テクニック【2026年版】,2026-04-29,127,64,44,6,0,0,0.504,1.467,advanced,配信テク,10,1
nddd528dd2f35,【2026年版】TikTok LIVE バトル（対戦）完全攻略｜やり方・勝ち方・ギフトが増える仕組みを元Sランクが解説,2026-07-24,41,61,46,7,4,0,1.488,1.533,income,TikTokLIVE|収入・お金,10,1
n9b5e9d5abc25,ライバー代理店は本当に稼げる？収入のリアルと成功者の共通点【2026年最新】,2026-04-12,144,58,14,4,4,0,0.403,0.467,income,収入・お金|事務所,10,1
nf70121f2fda2,TikTok LIVE 始め方完全ガイド｜元Sランクが「最速で配信解禁→月20万円」までの全手順を公開【2026年版】,2026-04-29,127,57,28,2,0,0,0.449,0.933,income,TikTokLIVE|新人期間|収入・お金,10,1
ndb871675e2fa,【元ミクチャNo.1が教える】ライブ配信で枠を盛り上げる技術｜Pococha・TikTok LIVEで今日から使える話し方と企画,2026-07-10,55,56,18,2,7,0,1.018,0.6,skills,TikTokLIVE|Pococha|配信テク,10,1
n393f5e092338,【Pococha】C帯からできる「御新規さん攻略」基本ガイド｜初見リスナーさんを常連化する第一歩,2026-04-30,127,56,29,3,0,0,0.441,0.967,skills,Pococha|配信テク,10,1
n2b77c40294ef,ライバー顔バレ・身バレ対策完全ガイド｜元Sランクが「安全に稼ぐ」全テクニックを公開【2026年版】,2026-04-29,127,55,37,5,0,0,0.433,1.233,income,収入・お金|顔出しなし|副業・両立,10,1
nbc6cd81018b2,なぜか「長く」応援され続けるライバーがやっていること｜一瞬伸びる人と、ずっと残る人の差,2026-06-16,79,53,4,2,3,2,0.671,0.133,other,,10,1
n021d40cd4db6,【Pococha】B帯に上がる方法｜C帯ライバーが今すぐやるべき5つの行動,2026-05-03,123,53,21,3,2,0,0.431,0.7,platform,Pococha,10,1
nfde7bf8ebf40,「弊社ライバー事務所です」と書いた瞬間、返信率は半分になる｜スカウトDM運用論,2026-04-26,130,53,37,2,0,0,0.408,1.233,agency,事務所,10,1
n3e1a72579743,大学生がライバーで月20万円稼ぐ方法｜バイトより効率的な理由と始め方,2026-04-05,151,53,8,3,3,0,0.351,0.267,lifestyle,新人期間|収入・お金,10,1
n4ca1ae7bdc7c,ライバー事務所に入るメリット・デメリット完全解説【2026年版】,2026-05-03,123,52,26,5,0,0,0.423,0.867,agency,事務所,10,1
n490e9578f165,【2026年版】在宅でできるおすすめ副業7選｜スマホOK・初期費用ゼロで始められる,2026-04-05,152,50,2,0,5,0,0.329,0.067,comparison,副業・両立|比較・選び方,10,1
n6955ecacc4ac,40代・50代からPocochaを始める人へ｜最初の1ヶ月でやることを全部まとめた実践ガイド,2026-07-16,49,47,20,2,14,0,0.959,0.667,lifestyle,40-50代|Pococha|新人期間,10,1
nfc802c353aff,【実例】Pococha開始2ヶ月でB3ランク到達｜20歳大学生むうくんが事務所に入って変わったこと,2026-06-01,94,47,11,1,3,0,0.5,0.367,lifestyle,Pococha|事務所,10,1
n80e2230642a8,なぜ人は配信に投げ銭するのか｜「応援される配信者」に共通する“理由づくり”,2026-06-16,79,46,4,3,3,0,0.582,0.133,income,収入・お金,10,1
n9352e15a2091,TikTok LIVE 最初の30日間ロードマップ｜初配信から「稼げる枠」の土台づくりまで週ごとに解説,2026-07-14,51,44,15,0,5,0,0.863,0.5,income,TikTokLIVE|新人期間|収入・お金,10,1
n3e73861d21f5,コアファンの作り方完全ガイド｜元Sランクが「月収100万円の土台」を築いた全戦略を公開【2026年版】,2026-04-29,127,44,31,3,1,0,0.346,1.033,income,収入・お金|配信テク,10,1
n75af519474d1,Pocochaイベント完全攻略｜入賞するための戦略と初心者が狙うべきイベント,2026-04-05,151,41,3,0,1,0,0.272,0.1,advanced,Pococha|新人期間,10,1
ndce8a9117fa4,副業ライバーを1年で辞めた私が、それでも『今』あなたに勧める3つの理由｜失敗しないための裏側【2026年版】,2026-04-26,130,40,9,2,2,0,0.308,0.3,troubleshooting,副業・両立,10,1
n11b37b938463,【Pococha】コアファンが増えない7つの原因と今日からできる改善策｜常連から「推し」に変わる導線設計,2026-05-19,107,39,15,3,1,0,0.364,0.5,skills,Pococha|配信テク,10,1
n29aafb234cec,1年続くライバーに共通する「たった1つの性格」｜才能でもトーク力でもありません【2026年版】,2026-04-19,137,39,1,0,3,0,0.285,0.033,skills,配信テク,10,1
nddb6b019f91f,ライバー事務所に入るべき？フリーとの違いを徹底比較｜収入・サポート・還元率,2026-04-05,151,38,3,2,2,0,0.252,0.1,income,収入・お金|事務所|比較・選び方,10,1
n9197ae57ed8a,ライバーの副業は会社にバレる？｜バレない対策5選と確定申告のポイント,2026-04-06,150,37,5,1,4,0,0.247,0.167,income,税金・制度|副業・両立,10,1
n16405bbbfdff,ライバーを辞めた後どうする？引退後のセカンドキャリア完全ガイド,2026-05-28,98,36,10,1,2,0,0.367,0.333,other,,10,1
ndb58de31b4de,「月5万円の在宅副業」で5個失敗した私が、最終的にライバー代理店に落ち着いた話【2026年版】,2026-04-19,137,34,3,1,8,0,0.248,0.1,troubleshooting,収入・お金|事務所|副業・両立,10,1
ne28bee508ca1,ライバー事務所の代理店とは？｜代理店になるメリットと仕組みを徹底解説,2026-04-05,151,34,4,0,2,0,0.225,0.133,agency,事務所,10,1
n026d25da6e3c,ライブ配信のトラブル対応と「リスナーさんとの距離感」｜荒らし・依存・重すぎる応援への向き合い方【2026年版】,2026-08-03,31,33,29,1,2,0,1.065,0.967,troubleshooting,メンタル・継続|配信テク,10,1
n0ea2fd9bfb9d,【2026年最新】未経験向けライバー事務所の選び方｜還元率100%+α・ノルマなしで選ぶならどこ？,2026-06-28,67,32,9,2,1,0,0.478,0.3,comparison,事務所|比較・選び方,10,1
n205ef04edcbb,【2026年最新】ライバー経費完全リスト75項目｜確定申告で本当に落とせる節税科目を元Sランクが全公開,2026-04-25,131,31,12,2,2,0,0.237,0.4,income,税金・制度,10,1
n29e9feee936e,【Pococha】フォロワーが増えない原因とは？フォロー獲得率を上げる8つの具体策｜元Sランクが解説,2026-05-19,107,29,15,2,1,0,0.271,0.5,advanced,Pococha,10,1
n82784549746d,ライバーの確定申告ガイド｜副業・専業別の手順と経費にできるもの一覧,2026-04-05,151,29,1,0,1,0,0.192,0.033,income,税金・制度|副業・両立,10,1
n6e53765e2224,【2026年最新】顔出しなし・ノルマなしのライバー事務所の選び方｜声だけ・在宅でOK,2026-07-10,55,28,14,5,2,0,0.509,0.467,comparison,事務所|顔出しなし|副業・両立|比較・選び方,10,1
n64aeaeb8876b,【2026年最新】Pococha（ポコチャ）は事務所とフリー、どっちがいい？未経験が損しない選び方,2026-07-10,55,26,18,4,1,0,0.473,0.6,comparison,Pococha|事務所|比較・選び方,10,1
n72ac7218ef26,"ライバーの時給、本当に「時給3,000円」は実在するのか｜私が200名の実データから出した答え【2026年版】",2026-04-19,137,26,2,1,1,0,0.19,0.067,income,収入・お金,10,1
nb336965c569b,Pococha 同接を増やす方法｜視聴者数が伸びない原因と今日からできる改善策,2026-05-03,123,25,7,2,0,0,0.203,0.233,troubleshooting,Pococha|メンタル・継続,10,1
n576132a999ab,"ライバーデビューの""ある準備""を知らないまま始めると続かない｜稼ぎ続ける人の共通点【2026年版】",2026-04-26,130,25,0,0,1,0,0.192,0.0,troubleshooting,新人期間|収入・お金|メンタル・継続,10,1
n421fb46eb9a0,正直に言います。初配信で緊張しないライバーはいません｜それでも多くが翌日消える本当の理由【2026年版】,2026-04-19,137,25,3,0,1,0,0.182,0.1,troubleshooting,新人期間|メンタル・継続,10,1
n5da3dba9063b,ライバーネーム（配信名）の決め方｜覚えてもらえる名前の条件と、あとで困らない選び方【2026年版】,2026-08-05,29,24,24,1,4,0,0.828,0.828,comparison,比較・選び方,10,1
nf18de58b6141,【Pococha】新人期間にやってはいけないNG7選｜スタートダッシュを台無しにする行動と正しい過ごし方,2026-07-16,49,24,11,2,3,0,0.49,0.367,beginner,Pococha|新人期間,10,1
n22d735d2f3d6,配信の枠タイトルの付け方｜「入ってみようかな」と思わせる一行の作り方【2026年版】,2026-08-04,30,23,19,4,5,0,0.767,0.633,skills,配信テク,10,1
nbcc427031150,【Pococha】B帯から、その先へ｜上の帯に進む人がやっていること【2026年版】,2026-08-01,33,23,22,2,3,0,0.697,0.733,platform,Pococha,10,1
n32d805c911d8,ライバー事務所の代理店（パートナー）になる方法｜副業・独立にもおすすめのビジネスモデル,2026-04-06,150,23,2,0,3,0,0.153,0.067,comparison,事務所|副業・両立|比較・選び方,10,1
nd60f3b2578d1,ライブ配信アプリの掛け持ちはアリ？ナシ？｜Pococha・TikTok LIVE・17LIVEを併用する前に読む記事【2026年版】,2026-08-02,32,22,20,3,5,0,0.688,0.667,platform,TikTokLIVE|Pococha|17LIVE,10,1
nb7bd24410450,17LIVE・Pococha・TikTok LIVEどれがいい？性格と目的で選ぶ配信アプリ比較【2026年】,2026-07-15,50,22,12,2,2,0,0.44,0.4,comparison,TikTokLIVE|Pococha|17LIVE|比較・選び方,10,1
n9dba6c413bee,40代・50代ライバーの「何を話せばいいか分からない」問題｜大人世代だから話せるテーマの作り方【2026年版】,2026-08-20,14,21,21,2,1,0,1.5,1.5,lifestyle,40-50代,10,1
nd2d06917a050,40代・50代からのTikTok LIVE｜「若い子のアプリ」と思って諦めていた人へ【2026年版】,2026-07-29,36,20,14,0,3,0,0.556,0.467,lifestyle,40-50代|TikTokLIVE,10,1
n9ae8b6546ea5,【2026年最新】TikTok LIVE（ライブ配信）の事務所おすすめ・選び方｜未経験が伸ばすなら,2026-07-12,53,19,6,2,1,0,0.358,0.2,comparison,TikTokLIVE|事務所|比較・選び方,10,1
nb8a19480a23f,【実例】会社員をしながらPocochaで1年で月収100万円→代理店を並行して150万円超え、そして専業ライバーへ｜TAITAN PRO所属男性ライバーの軌跡,2026-07-10,55,19,5,0,1,0,0.345,0.167,lifestyle,Pococha|収入・お金|事務所|副業・両立,12,1
n0144caabbb73,ライバーになる条件を知らないまま始めると続かない｜夢を諦めないための新常識【2026年版】,2026-04-26,130,19,1,0,0,0,0.146,0.033,troubleshooting,メンタル・継続,10,1
nf78821213a80,40代・50代ライバーで「続く人」と「辞める人」の違い｜3ヶ月目で分かれる分岐点,2026-07-24,41,18,9,1,5,0,0.439,0.3,lifestyle,40-50代|比較・選び方,10,1
n4bf4792f76c2,17LIVE（イチナナ）は稼げる？収入の仕組みと伸ばし方をライバー事務所代表が解説【2026年】,2026-07-16,49,18,6,1,3,0,0.367,0.2,income,17LIVE|収入・お金|事務所,10,1
nab8de95080df,配信が「しんどい」と感じ始めたときの立て直し方｜燃え尽きる前にやる5つのこと【2026年版】,2026-08-17,17,16,16,1,3,0,0.941,0.941,troubleshooting,メンタル・継続,10,1
n01bb446c96bd,【Pococha】何時に配信するのが正解？｜時間帯別の特徴と「自分が勝てる枠」の選び方【2026年版】,2026-08-13,21,16,16,3,3,0,0.762,0.762,comparison,Pococha|配信テク|比較・選び方,10,1
nf4cc6b26f530,月収100万円ライバーの共通点｜元Sランクが「トップ層だけが知っている」秘密の習慣を全公開【2026年版】,2026-04-29,127,16,8,0,0,0,0.126,0.267,income,収入・お金,10,1
nbc72e114ec01,TikTok LIVE は何時に配信すればいい？｜時間帯の選び方と「人が集まる枠」の作り方【2026年版】,2026-08-19,15,15,15,3,3,0,1.0,1.0,comparison,TikTokLIVE|配信テク|比較・選び方,10,1
n151dc2535c9e,【Pococha】新人期間30日、1日ごとに何をすればいい？｜毎日の動きを時系列で全部書きます【2026年版】,2026-08-18,16,15,15,6,3,0,0.938,0.938,beginner,Pococha|新人期間,10,1
n696837722cd3,ライバー事務所を開業して「最初の10人」が集まるまで｜私がやった順番と、つまずいた場所【2026年版】,2026-08-08,26,15,15,1,2,0,0.577,0.577,agency,新人期間|事務所,10,1
n455d6d379ce6,ライバー事務所の選び方｜失敗しないための7つのチェックポイント【2026年版】,2026-04-05,152,15,1,0,2,0,0.099,0.033,troubleshooting,事務所|比較・選び方,10,1
nf72a0ee96258,40代・50代が顔出しなしでライブ配信を始める方法｜声だけで応援される「大人の枠」の作り方【2026年版】,2026-08-12,22,14,14,5,4,0,0.636,0.636,lifestyle,40-50代|顔出しなし,10,1
n7d9903e7e35c,副業ライバーの収入はいつから・どのくらい？｜現実のペースを正直に解説【2026年】,2026-07-13,52,14,11,2,1,0,0.269,0.367,income,収入・お金|副業・両立,10,1
n233d025744ba,【2026年最新】主婦・ママにおすすめのライバー事務所の選び方｜在宅・スキマ時間でOK,2026-07-11,54,14,10,4,2,0,0.259,0.333,lifestyle,事務所|主婦・ママ|副業・両立|比較・選び方,10,1
n31bbb05773c7,"「また来たくなる枠」の作り方｜重い枠の逆をいく""軽さ""の設計【2026年版】",2026-07-31,34,13,11,0,2,0,0.382,0.367,troubleshooting,メンタル・継続,10,1
na4971c6d00a7,ライバーを辞めたい…と思った時に読む記事｜原因別の対処法と事務所の変え方,2026-04-05,151,13,4,2,2,0,0.086,0.133,troubleshooting,事務所|メンタル・継続,10,1
n27ea6809b1ed,【ライバーの出口戦略】配信で稼いだお金と経験を「その後の人生」に変える3つの道,2026-05-28,98,12,0,0,1,0,0.122,0.0,advanced,,10,1
n7a5a2ec349cf,40代・50代から17LIVE（イチナナ）はアリ？大人世代に向いている理由と始め方【2026年】,2026-07-15,50,11,2,0,6,0,0.22,0.067,lifestyle,40-50代|17LIVE|新人期間,10,1
n0e8aef46383f,【2026年最新】ライバー事務所は「還元率」で選べ｜100%事務所の見分け方と比較のコツ,2026-07-13,52,11,5,1,3,0,0.212,0.167,comparison,事務所|比較・選び方,10,1
n06891851e621,ライバーが稼いだお金は「消える」前に。新NISA×全世界株でつくる出口戦略,2026-05-28,98,11,1,0,1,0,0.112,0.033,income,税金・制度,11,1
nf958e658af62,男性ライバーが最初の3ヶ月でやるべきこと｜副業から月20〜30万円までの現実的な道のり【2026年版】,2026-08-07,27,10,10,1,3,0,0.37,0.37,lifestyle,新人期間|収入・お金|副業・両立,10,1
ne6b88e379be9,ライバー事務所に入るタイミングはいつがベスト？｜始める前・3ヶ月後・伸び悩んだ時のどれか【2026年版】,2026-08-06,28,10,10,0,3,0,0.357,0.357,agency,新人期間|事務所,10,1
n4986992ad122,【Pococha】新人期間が終わった後の「31日目の壁」の越え方｜応援が減る理由と立て直し方,2026-07-24,41,10,4,0,5,0,0.244,0.133,troubleshooting,Pococha|新人期間|メンタル・継続,10,1
n317033aa3741,主婦ライバーの扶養・税金・家族の理解｜配信を始める前に知っておきたい「お金と家庭」の話,2026-07-14,51,10,4,3,3,0,0.196,0.133,lifestyle,新人期間|税金・制度|主婦・ママ,10,1
n5018d246fc8a,ライバーは小規模企業共済をやるべき？個人事業主の節税メリットを元Sランクが解説,2026-05-28,98,10,1,0,1,0,0.102,0.033,income,税金・制度,10,1
n6b70b66ac397,【要注意】「ライバー事務所はやめとけ」と言われる理由｜悪質な事務所の見分け方7つ,2026-07-12,53,9,5,0,1,0,0.17,0.167,troubleshooting,事務所|メンタル・継続,10,1
nc8d04c409bbb,ライバーの老後資金どう作る？小規模企業共済・iDeCo・国民年金基金を徹底比較,2026-05-28,98,9,0,0,1,0,0.092,0.0,income,税金・制度|比較・選び方,10,1
n936908f376d4,配信は週何回・何時間やればいい？｜「頻度と長さ」の決め方【2026年版】,2026-08-22,12,8,8,1,3,0,0.667,0.667,other,,10,1
nfa46febbb2eb,TikTok LIVE でコメントが来ないときの対処法｜「無言の枠」を動かす具体手順【2026年版】,2026-08-14,20,8,8,1,1,0,0.4,0.4,troubleshooting,TikTokLIVE|メンタル・継続|配信テク,10,1
nee22f1a16df4,【土日だけ・平日夜だけ】副業ライバーの始め方｜週2〜3回の配信でも成立する理由,2026-07-13,52,8,6,0,1,0,0.154,0.2,beginner,新人期間|副業・両立,10,1
n9fb6eec737f9,顔出しなしのまま、応援されるライバーになる方法｜声と話し方だけで距離を縮める技術【2026年版】,2026-08-16,18,7,7,1,2,0,0.389,0.389,other,顔出しなし,10,1
n719cd5d2e042,主婦ライバーの「配信時間が作れない」問題｜家事・育児の合間に1日を組み直す方法【2026年版】,2026-08-15,19,7,7,0,1,0,0.368,0.368,lifestyle,主婦・ママ,10,1
nbaa73279e22b,初配信の日にやることチェックリスト｜開始2時間前から終了30分後までの流れ【2026年版】,2026-08-10,24,7,7,1,4,0,0.292,0.292,beginner,新人期間,10,1
n464d838b2636,TikTok LIVE フォロワー1000人を超えた後にやること｜「見られる枠」から「応援される枠」へ,2026-07-30,35,7,6,0,1,0,0.2,0.2,platform,TikTokLIVE,10,1
nc1348c61e672,【ライバー向け】小規模企業共済の加入条件と始め方｜掛金・申し込み手順を完全解説,2026-05-28,98,7,0,0,1,0,0.071,0.0,income,新人期間|税金・制度,10,1
ne10b7646b37f,【ライバー代理店】会社員をしながら代理店をやる1週間の組み方【2026年版】,2026-08-26,8,6,6,0,1,0,0.75,0.75,lifestyle,事務所|副業・両立,10,1
n0c5ab0c57d58,ライバー事務所開業は、準備の順序を間違えると全てが無駄になります｜成功へ導く実践手順【2026年版】,2026-09-01,2,5,5,5,3,0,2.5,2.5,agency,事務所,10,1
n09c4354eb7b4,17LIVE（イチナナ）で事務所は入るべき？後悔しない選び方と悪質事務所の見分け方【2026年】,2026-07-15,50,5,1,0,2,0,0.1,0.033,troubleshooting,17LIVE|事務所|メンタル・継続|比較・選び方,10,1
nc724ae8b1bfe,【ライバー代理店】自分のSNSから相談が来る状態の作り方｜追いかけない集客の組み方【2026年版】,2026-08-28,6,4,4,3,0,0,0.667,0.667,agency,事務所,10,1
nebf20cd1e347,ライバーの収入が「月によってバラバラ」問題｜波をならして生活を安定させる考え方【2026年版】,2026-08-21,13,4,4,0,3,0,0.308,0.308,income,収入・お金,10,1
n65a807191d71,TikTok LIVE は「ショート動画」を投稿してから始めるべき？｜動画とライブの関係と、人が集まる順番【2026年版】,2026-08-11,23,4,4,0,1,0,0.174,0.174,beginner,TikTokLIVE,10,1
n5b3fceb32c65,会社員が副業でライバーをやるなら何時に配信する？｜仕事終わりから逆算する1日の組み方【2026年版】,2026-08-09,25,4,4,0,1,0,0.16,0.16,lifestyle,配信テク|副業・両立,10,1
n1b4784640d76,ライバーを始める前に知るべき10のこと｜元Sランクが「3年後に後悔しない」全準備リストを公開【2026年版】,2026-04-29,127,4,2,0,0,0,0.031,0.067,troubleshooting,新人期間|メンタル・継続,10,1
n8acd2b1825e0,【ライバー代理店】1日の仕事内容｜実際に時間を使っているのはどこか【2026年版】,2026-08-24,10,3,3,0,1,0,0.3,0.3,agency,事務所,10,1
nd92ff86f8e9a,ライバー事務所の面談で「逆に聞くべき」質問10｜入って後悔しないための見極めチェックリスト,2026-07-14,51,3,2,0,0,0,0.059,0.067,troubleshooting,事務所|メンタル・継続,10,1
n8f217e546626,ライバー事務所の立ち上げって、集客で結局つまずくの？｜元Sランクライバーが教える、失敗しない『人の集め方』【2026年版】,2026-09-02,1,2,2,2,1,0,2.0,2.0,troubleshooting,事務所,10,1
nb56931d43385,【ライバー代理店】相談・面談で何を話すか｜信頼される受け答えの型【2026年版】,2026-08-27,7,2,2,0,0,0,0.286,0.286,agency,事務所,10,1
n76a0da65a0b3,【2026年最新】副業・在宅でできるライバー事務所の選び方｜会社にバレたくない人へ,2026-07-12,53,2,1,0,1,0,0.038,0.033,comparison,事務所|副業・両立|比較・選び方,10,1
n0830a9170fdf,初めての担当ライバーが初配信で号泣。あの夜から私が変えた、事務所運営の「トラブル対応」【2026年版】,2026-09-03,1,1,1,1,1,0,1.0,1.0,troubleshooting,新人期間|事務所,10,1
n582be31e666b,会社員がライバー代理店と両立する5つの裏側｜毎日を「無理なく」変える【2026年版】,2026-08-31,3,1,1,1,2,0,0.333,0.333,lifestyle,事務所|副業・両立,10,1
n944fb192d459,大学生ライバーの1週間の組み方｜授業・バイト・テスト期間との両立【2026年版】,2026-08-30,4,1,1,1,1,0,0.25,0.25,lifestyle,副業・両立,10,1
nba77c388cdba,専業ライバーになるタイミングの見極め方｜会社を辞める前に確認する5つ【2026年版】,2026-08-29,5,1,1,1,2,0,0.2,0.2,advanced,,10,1
nc932709431a0,【ライバー代理店】向いている人・向いていない人｜始める前に読んでほしい話【2026年版】,2026-08-25,9,1,1,0,1,0,0.111,0.111,agency,新人期間|事務所,10,1
n673be1bcfcb8,【2026年最新】大学生におすすめのライバー事務所の選び方｜授業・バイトと両立できる,2026-07-11,54,1,1,0,2,0,0.019,0.033,lifestyle,事務所|副業・両立|比較・選び方,10,1
