article_num,title,url,success,error,posted_at
47,「月5万円の在宅副業」で5個失敗した私が、最終的にライバー代理店に落ち着いた話【2026年版】,,False,"ログイン3回失敗: ログインHTTPエラー: 422 - {""error"":""Unprocessable Entity""}",2026-04-19T11:13:10.748274
47,「月5万円の在宅副業」で5個失敗した私が、最終的にライバー代理店に落ち着いた話【2026年版】,,False,"ログイン3回失敗: ログインHTTPエラー: 422 - {""error"":""Unprocessable Entity""}",2026-04-19T11:57:59.308893
47,「月5万円の在宅副業」で5個失敗した私が、最終的にライバー代理店に落ち着いた話【2026年版】,,False,"ログイン3回失敗: ログイン後の遷移が確認できません（CAPTCHA/2FAの可能性）: <!DOCTYPE html><html lang=""ja-JP"" data-n-head=""%7B%22lang%22:%7B%22ssr%22:%22ja-JP%22%7D%7D"" style=""--ih: 9px; --footerOffsetY: 0px; --navbar-primary-top-margin: 0px;""><head><meta http-equiv=""origin-t",2026-04-19T12:02:40.915844
47,「月5万円の在宅副業」で5個失敗した私が、最終的にライバー代理店に落ち着いた話【2026年版】,,False,ログイン3回失敗: ログイン後の遷移が確認できません（CAPTCHA/2FA/認証情報エラーの可能性。data/login_diag/ のスクショで確認）,2026-04-20T06:37:38.293013
47,「月5万円の在宅副業」で5個失敗した私が、最終的にライバー代理店に落ち着いた話【2026年版】,,False,ログイン3回失敗: ログイン後の遷移が確認できません（CAPTCHA/2FA/認証情報エラーの可能性。data/login_diag/ のスクショで確認）,2026-04-20T10:19:51.389748
47,「月5万円の在宅副業」で5個失敗した私が、最終的にライバー代理店に落ち着いた話【2026年版】,,False,ログイン3回失敗: ログイン後の遷移が確認できません（CAPTCHA/2FA/認証情報エラーの可能性。data/login_diag/ のスクショで確認）,2026-04-20T15:58:26.606601
47,「月5万円の在宅副業」で5個失敗した私が、最終的にライバー代理店に落ち着いた話【2026年版】,,False,ログイン3回失敗: ログイン後の遷移が確認できません（CAPTCHA/2FA/認証情報エラーの可能性。data/login_diag/ のスクショで確認）,2026-04-21T06:19:18.235144
47,「月5万円の在宅副業」で5個失敗した私が、最終的にライバー代理店に落ち着いた話【2026年版】,,False,ログイン3回失敗: ログイン後の遷移が確認できません（CAPTCHA/2FA/認証情報エラーの可能性。data/login_diag/ のスクショで確認）,2026-04-21T09:15:51.599741
47,「月5万円の在宅副業」で5個失敗した私が、最終的にライバー代理店に落ち着いた話【2026年版】,,False,"下書き作成2回失敗: 下書きHTTPエラー: 422 - {""error"":""Unprocessable Entity""}",2026-04-24T10:28:02.404379
47,「月5万円の在宅副業」で5個失敗した私が、最終的にライバー代理店に落ち着いた話【2026年版】,,False,"下書き作成2回失敗: 下書きHTTPエラー: 422 - {""error"":""Unprocessable Entity""}",2026-04-24T10:44:31.418313
47,「月5万円の在宅副業」で5個失敗した私が、最終的にライバー代理店に落ち着いた話【2026年版】,,False,"HTTP/Playwright両方失敗: HTTP=下書きHTTPエラー: 422 - {""error"":""Unprocessable Entity""} / PW=PW下書きAPIがID/keyを返しませんでした (id=None, key=). body: {""error"":{""code"":""auth"",""message"":""not_login""}}",2026-04-24T10:49:25.724448
47,「月5万円の在宅副業」で5個失敗した私が、最終的にライバー代理店に落ち着いた話【2026年版】,,False,"HTTP/Playwright両方失敗: HTTP=下書きHTTPエラー: 422 - {""error"":""Unprocessable Entity""} / PW=PW下書きAPIがID/keyを返しませんでした (id=None, key=). body: {""error"":{""code"":""auth"",""message"":""not_login""}}",2026-04-24T10:51:46.670850
47,「月5万円の在宅副業」で5個失敗した私が、最終的にライバー代理店に落ち着いた話【2026年版】,,False,"HTTP/Playwright両方失敗: HTTP=下書きHTTPエラー: 422 - {""error"":""Unprocessable Entity""} / PW=PW下書き失敗: status=201 body={""error"":{""code"":""auth"",""message"":""not_login""}}",2026-04-24T10:54:47.952635
47,「月5万円の在宅副業」で5個失敗した私が、最終的にライバー代理店に落ち着いた話【2026年版】,,False,"editor.note.com/new からのリダイレクトが起きず。ログイン状態を確認してください: Timeout 30000ms exceeded.
waiting for navigation to ""re.compile('/notes/[^/]+/edit')"" until 'load'
  navigated to ""https://note.com/login?redirectPath=https%3A%2F%2Feditor.note.com%2Fnew""
  navigated to ""https://note.com/login?redirectPath=https%3A%2F%2Feditor.note.com%2Fnew""
  navigated to ""https://note.com/login?redirectPath=https%3A%2F%2Feditor.note.com%2Fnew""
47,「月5万円の在宅副業」で5個失敗した私が、最終的にライバー代理店に落ち着いた話【2026年版】,,False,"NOTE_COOKIES_JSONが無効または失効（Cookieは通常1〜3ヶ月で失効）
  対処手順:
  1. ローカルで `python note_export_cookies.py` を実行
  2. ブラウザが開くので手動ログイン（CAPTCHAがあれば解く）
  3. 出力されたJSONをコピー
  4. GitHub → Settings → Secrets and variables → Actions →
     `NOTE_COOKIES_JSON` を New/Update で登録",2026-04-24T11:11:02.326698
47,「月5万円の在宅副業」で5個失敗した私が、最終的にライバー代理店に落ち着いた話【2026年版】,,False,"draft_save失敗: status=400 body={""error"":""id is invalid""}",2026-04-24T12:11:42.045950
47,「月5万円の在宅副業」で5個失敗した私が、最終的にライバー代理店に落ち着いた話【2026年版】,https://note.com/n/n2ae45ece61d6,True,Playwright経由で公開,2026-04-24T12:29:46.280699
46,1年続くライバーの9割が持っている「たった1つの性格」｜才能でもトーク力でもありません【2026年版,https://note.com/n/n9bf3240d2dbd,True,Playwright経由で公開,2026-04-24T15:50:15.711325
45,"ライバーの時給、本当に「時給3,000円」は実在するのか｜私が150人の実データから出した答え【20",https://note.com/n/na128c4f02806,True,Playwright経由で公開,2026-04-25T05:32:53.163083
44,正直に言います。初配信で緊張しないライバーはいません｜それでも8割が翌日消える本当の理由【2026年,https://note.com/n/nec84b0c1dc2e,True,Playwright経由で公開,2026-04-25T07:55:15.057821
48,【2026年最新版】Pocochaライバーの始め方完全ガイド｜初心者がゼロから月10万円稼ぐロードマ,https://note.com/n/n6194f89cb2aa,True,Playwright UI経由で公開,2026-04-24T23:15:37.893319
49,【2026年最新】Pocochaのダイヤ換金完全ガイド｜元Sランクが教える換金率・出金日・手数料・税,https://note.com/n/n19e20c40b3f1,True,Playwright UI経由で公開,2026-04-25T23:52:20.625337
50,【2026年最新】TikTokLIVE 収益化完全ガイド｜条件・ギフト換金率・月収目安・他アプリ比較,https://note.com/n/nadf7bf475ea9,True,Playwright UI経由で公開,2026-04-25T23:52:43.093853
51,【2026年最新】ライバー経費完全リスト75項目｜確定申告で本当に落とせる節税科目を元Sランクが全公,https://note.com/n/n205ef04edcbb,True,Playwright UI経由で公開,2026-04-25T23:52:58.295892
52,【2026年最新】Pocochaメーター期間 完全攻略｜新人が約2ヶ月で人生を変えるための全戦略,https://note.com/n/nd29c18b06dcc,True,Playwright UI経由で公開,2026-04-25T23:53:15.256164
53,【2026年最新】IRIAM Vライバー 始め方完全ガイド｜顔出しなしで稼ぐ全ステップを現役マネージ,https://note.com/n/ne8d3dbf2befc,True,Playwright UI経由で公開,2026-04-25T23:53:30.350411
54,【元Sランクが教える】ライブ配信の緊張を克服する完全メンタル術｜初配信の不安を「武器」に変える方法,https://note.com/n/nf58c6a743c2a,True,Playwright UI経由で公開,2026-04-25T23:53:45.513628
55,Pococha S帯を知らないまま始めると、9割の人が半年で消える｜S帯継続の裏側【2026年版】,https://note.com/n/nc3013c157ee0,True,Playwright UI経由で公開,2026-04-26T23:29:37.778185
56,副業ライバーを1年で辞めた私が、それでも『今』あなたに勧める3つの理由｜失敗しないための裏側【202,https://note.com/n/ndce8a9117fa4,True,Playwright UI経由で公開,2026-04-26T23:29:52.029980
57,"ライバーデビューの""ある準備""を知らないまま始めると、9割の人が半年で消える｜稼ぎ続ける人の共通点【",https://note.com/n/n576132a999ab,True,Playwright UI経由で公開,2026-04-26T23:30:05.844818
58,ふわっちの『稼げる仕組み』を知らないまま始めると、9割の人が半年で消える【2026年版】,https://note.com/n/nbbbc925ec0a8,True,Playwright UI経由で公開,2026-04-26T23:30:19.211401
59,ライバーになる条件を知らないまま始めると、9割の人が半年で消える｜夢を諦めないための新常識【2026,https://note.com/n/n0144caabbb73,True,Playwright UI経由で公開,2026-04-26T23:30:32.695097
60,「弊社ライバー事務所です」と書いた瞬間、返信率は半分になる｜スカウトDM運用論,,False,NOTE_COOKIES_JSONが未設定のためPlaywrightフォールバック不可,2026-04-26T23:58:56.775353
60,「弊社ライバー事務所です」と書いた瞬間、返信率は半分になる｜スカウトDM運用論,https://note.com/n/nfde7bf8ebf40,True,Playwright経由で公開,2026-04-26T23:59:24.399031
61,Pococha と TikTok LIVE どっちが稼げる？元Sランクが収入・条件・始め方を徹底比較,https://note.com/n/n5fa353fd8dd4,True,Playwright経由で公開,2026-04-29T20:59:35.450774
62,TikTok LIVE 始め方完全ガイド｜元Sランクが「最速で配信解禁→月10万円」までの全手順を公,https://note.com/n/nf70121f2fda2,True,Playwright経由で公開,2026-04-29T21:00:11.597816
63,TikTok LIVE フォロワー1000人を最速17日で集める方法｜事務所50名の実データ全公開【,https://note.com/n/ndc2f493ebdde,True,Playwright経由で公開,2026-04-29T21:00:33.445953
63,TikTok LIVE フォロワー1000人を最速17日で集める方法｜事務所50名の実データ全公開【,https://note.com/n/n32e19bc0275b,True,Playwright経由で公開,2026-04-29T21:00:43.101719
64,TikTok LIVE で稼げない7つの原因｜元Sランクが「月0円→月20万円」に変えた逆転ロジック,https://note.com/n/n71c820dc9e48,True,Playwright経由で公開,2026-04-29T21:00:58.450524
64,TikTok LIVE で稼げない7つの原因｜元Sランクが「月0円→月20万円」に変えた逆転ロジック,https://note.com/n/necfcd86dd8ba,True,Playwright経由で公開,2026-04-29T21:01:10.229052
65,TikTok ライバー事務所の選び方完全ガイド｜還元率・違約金・サポートを元Sランクが本音で解説【2,https://note.com/n/n6006676b8d6e,True,Playwright経由で公開,2026-04-29T21:01:31.167333
65,TikTok ライバー事務所の選び方完全ガイド｜還元率・違約金・サポートを元Sランクが本音で解説【2,https://note.com/n/n2d38df3d89d4,True,Playwright経由で公開,2026-04-29T21:01:35.560451
66,TikTok LIVE ギフト換金完全ガイド｜還元率・最低出金額・税金まで元Sランクが全公開【202,https://note.com/n/n13b97c639422,True,Playwright経由で公開,2026-04-29T21:02:25.176667
67,17LIVE 始め方完全ガイド｜元Sランクが「初配信→月10万円」までの最短ロードマップを公開【20,https://note.com/n/ne62d19185fe3,True,Playwright経由で公開,2026-04-29T21:02:43.383302
68,SHOWROOM 始め方完全ガイド｜元Sランクが「アイドル特化アプリ」で稼ぐ全戦略を公開【2026年,https://note.com/n/n911528fe0a20,True,Playwright経由で公開,2026-04-29T21:03:03.915246
69,ライバーを始める前に知るべき10のこと｜元Sランクが「3年後に後悔しない」全準備リストを公開【202,https://note.com/n/n1b4784640d76,True,Playwright経由で公開,2026-04-29T21:03:23.667916
70,配信中リスナー0人の時の対処法｜元Sランクが「枠が枯れる地獄」から抜け出す全テクニック【2026年版,https://note.com/n/na0a86db07e89,True,Playwright経由で公開,2026-04-29T21:03:43.139360
71,コアファンの作り方完全ガイド｜元Sランクが「月収100万円の土台」を築いた全戦略を公開【2026年版,https://note.com/n/n3e73861d21f5,True,Playwright経由で公開,2026-04-29T21:04:14.790025
72,ライバー雑談ネタ100選｜元Sランクが「コメント爆増する話題」をジャンル別に全公開【2026年版】,https://note.com/n/nbf2bbf7674b7,True,Playwright経由で公開,2026-04-29T21:04:40.216612
73,ライバー顔バレ・身バレ対策完全ガイド｜元Sランクが「安全に稼ぐ」全テクニックを公開【2026年版】,https://note.com/n/n2b77c40294ef,True,Playwright経由で公開,2026-04-29T21:05:26.881312
74,ライブ配信のゴールデンタイム完全ガイド｜元Sランクが「リスナーが集まる時間帯」を全公開【2026年版,https://note.com/n/ne31d02263e2f,True,Playwright経由で公開,2026-04-29T21:06:05.527566
75,ライバー親バレ対策完全ガイド｜元Sランクが「家族に知られず安全に稼ぐ」全テクニックを公開【2026年,https://note.com/n/n60d572c717f5,True,Playwright経由で公開,2026-04-29T21:06:30.489103
76,月収100万円ライバーの共通点｜元Sランクが「トップ層だけが知っている」秘密の習慣を全公開【2026,https://note.com/n/nf4cc6b26f530,True,Playwright経由で公開,2026-04-29T21:06:48.666727
77,【Pococha】C帯からできる「御新規さん攻略」基本ガイド｜初見リスナーを常連化する第一歩,,False,NOTE_COOKIES_JSONが未設定のためPlaywrightフォールバック不可,2026-04-30T00:27:19.558144
77,【Pococha】C帯からできる「御新規さん攻略」基本ガイド｜初見リスナーを常連化する第一歩,https://note.com/n/n393f5e092338,True,Playwright経由で公開,2026-04-30T00:27:44.202554
78,ライバー事務所に入るメリット・デメリット完全解説【2026年版】,,False,NOTE_COOKIES_JSONが未設定のためPlaywrightフォールバック不可,2026-05-03T21:13:41.779235
78,ライバー事務所に入るメリット・デメリット完全解説【2026年版】,https://note.com/n/n4ca1ae7bdc7c,True,Playwright経由で公開,2026-05-03T21:14:12.105853
79,【Pococha】B帯に上がる方法｜C帯ライバーが今すぐやるべき5つの行動,https://note.com/n/n021d40cd4db6,True,Playwright経由で公開,2026-05-03T21:14:34.768826
80,TikTok LIVEでギフトを増やす方法｜視聴者が「送りたくなる」配信の作り方,https://note.com/n/n5c1ad907b6dc,True,Playwright経由で公開,2026-05-03T21:14:53.118085
81,Pococha 同接を増やす方法｜視聴者数が伸びない原因と今日からできる改善策,https://note.com/n/nb336965c569b,True,Playwright経由で公開,2026-05-03T21:15:13.474729
82,TikTok LIVE が伸びない本当の原因｜フォロワー増えない・視聴者来ない人へ,https://note.com/n/n20ca338bddb0,True,Playwright経由で公開,2026-05-03T21:15:28.284064
83,【Pococha】コアファンが増えない7つの原因と今日からできる改善策｜常連から「推し」に変わる導線,,False,NOTE_COOKIES_JSONが未設定のためPlaywrightフォールバック不可,2026-05-19T20:16:41.468563
83,【Pococha】コアファンが増えない7つの原因と今日からできる改善策｜常連から「推し」に変わる導線,https://note.com/n/n11b37b938463,True,Playwright経由で公開,2026-05-19T20:17:17.253074
84,【Pococha】コメントが来ない・ROM専ばかりの枠を脱出する方法｜元Sランクが教える「沈黙の枠」,https://note.com/n/nda7de26c889e,True,Playwright経由で公開,2026-05-19T20:17:38.081562
85,【Pococha】フォロワーが増えない原因とは？フォロー獲得率を上げる8つの具体策｜元Sランクが解説,https://note.com/n/n29e9feee936e,True,Playwright経由で公開,2026-05-19T20:18:03.031614
86,【Pococha】始めたばかりで人が来ない…配信1ヶ月目に必ずやるべき10のこと｜元Sランクが教える,https://note.com/n/na725a5bab70f,True,Playwright経由で公開,2026-05-19T20:18:23.128595
87,ライバーは小規模企業共済をやるべき？個人事業主の節税メリットを元Sランクが解説,https://note.com/n/n5018d246fc8a,True,Playwright経由で公開,2026-05-28T20:42:48.850188
88,【ライバー向け】小規模企業共済の加入条件と始め方｜掛金・申し込み手順を完全解説,https://note.com/n/nc1348c61e672,True,Playwright経由で公開,2026-05-28T20:43:10.557418
89,ライバーの老後資金どう作る？小規模企業共済・iDeCo・国民年金基金を徹底比較,https://note.com/n/nc8d04c409bbb,True,Playwright経由で公開,2026-05-28T20:43:31.166953
90,【ライバーの出口戦略】配信で稼いだお金と経験を「その後の人生」に変える3つの道,https://note.com/taitan_118/n/n27ea6809b1ed,True,,2026-05-28T21:19:44.183836
91,ライバーが稼いだお金は「消える」前に。新NISA×全世界株でつくる出口戦略,https://note.com/taitan_118/n/n06891851e621,True,,2026-05-28T21:19:53.894808
92,ライバーを辞めた後どうする？引退後のセカンドキャリア完全ガイド,https://note.com/taitan_118/n/n16405bbbfdff,True,,2026-05-28T21:19:56.880967
93,【実例】Pococha開始2ヶ月でB2ランク到達｜20歳大学生むうくんが事務所に入って変わったこと,https://note.com/taitan_118/n/nfc802c353aff,True,,2026-06-01T12:57:17.129851
95,なぜ人は配信に投げ銭するのか｜「応援される配信者」に共通する“理由づくり”,https://note.com/taitan_118/n/n80e2230642a8,True,,2026-06-16T12:10:14.130035
96,なぜか「長く」応援され続けるライバーがやっていること｜一瞬伸びる人と、ずっと残る人の差,https://note.com/taitan_118/n/nbc6cd81018b2,True,,2026-06-16T13:49:51.827987
97,【2026年最新】未経験向けライバー事務所の選び方｜還元率100%・ノルマなしで選ぶならどこ？,https://note.com/taitan_118/n/n0ea2fd9bfb9d,True,,2026-06-28T13:06:41.931128
107,【2026年最新】Pococha（ポコチャ）は事務所とフリー、どっちがいい？未経験が損しない選び方,https://note.com/taitan_118/n/n64aeaeb8876b,True,,2026-07-10T07:02:34.585924
106,【2026年最新】顔出しなし・ノルマなしのライバー事務所の選び方｜声だけ・在宅でOK,https://note.com/taitan_118/n/n6e53765e2224,True,,2026-07-10T13:17:21.006056
105,【2026年最新】大学生におすすめのライバー事務所の選び方｜授業・バイトと両立できる,https://note.com/taitan_118/n/n9d59cd20f7cf,True,,2026-07-11T05:59:01.056522
104,【2026年最新】主婦・ママにおすすめのライバー事務所の選び方｜在宅・スキマ時間でOK,https://note.com/taitan_118/n/n233d025744ba,True,,2026-07-11T11:59:11.748062
103,【2026年最新】副業・在宅でできるライバー事務所の選び方｜会社にバレたくない人へ,https://note.com/taitan_118/n/n76a0da65a0b3,True,,2026-07-12T00:04:00.299861
102,【要注意】「ライバー事務所はやめとけ」と言われる理由｜悪質な事務所の見分け方7つ,https://note.com/taitan_118/n/n6b70b66ac397,True,,2026-07-12T06:19:25.096926
101,【2026年最新】TikTok LIVE（ライブ配信）の事務所おすすめ・選び方｜未経験が伸ばすなら,https://note.com/taitan_118/n/n9ae8b6546ea5,True,,2026-07-12T12:04:26.522570
108,頑張るほど、リスナーさんは離れていく。Pocochaを4年見てきて気づいた「重い枠」の正体,https://note.com/taitan_118/n/n3eef71e830e8,True,,2026-07-12T15:25:09.491084
98,【実例】会社員をしながらPocochaで1年で月収100万円→代理店を並行して150万円超え、そして,https://note.com/n/nb8a19480a23f,True,Playwright UI経由で公開,2026-07-10T01:46:05.128154
99,【元ミクチャNo.1が教える】ライブ配信で枠を盛り上げる技術｜Pococha・TikTok LIVE,,False,NOTE_COOKIES_JSONが未設定のためPlaywrightフォールバック不可,2026-07-10T11:45:14.306653
99,【元ミクチャNo.1が教える】ライブ配信で枠を盛り上げる技術｜Pococha・TikTok LIVE,https://note.com/taitan_118/n/n0e933942b617,True,,2026-07-10T11:45:34.228561
94,【保存版】御新規さんをコアファンに変えるPococha配信運用｜初見→フォロー→常連→太客の全導線,https://note.com/taitan_118/n/n0195c73f687c,True,,2026-07-13T03:53:47.201797
110,副業ライバーの収入はいつから・どのくらい？｜現実のペースを正直に解説【2026年】,https://note.com/taitan_118/n/n7d9903e7e35c,True,,2026-07-13T03:58:52.847778
109,【土日だけ・平日夜だけ】副業ライバーの始め方｜週2〜3回の配信でも成立する理由,https://note.com/taitan_118/n/nee22f1a16df4,True,,2026-07-13T04:04:09.974154
100,【2026年最新】ライバー事務所は「還元率」で選べ｜100%事務所の見分け方と比較のコツ,https://note.com/taitan_118/n/n0e8aef46383f,True,,2026-07-13T04:16:45.705623
115,TikTok LIVE 最初の30日間ロードマップ｜初配信から「稼げる枠」の土台づくりまで週ごとに解,https://note.com/taitan_118/n/n9352e15a2091,True,,2026-07-14T00:00:09.782369
114,ライバー事務所の面談で「逆に聞くべき」質問10｜入って後悔しないための見極めチェックリスト,https://note.com/taitan_118/n/nd92ff86f8e9a,True,,2026-07-14T05:54:33.461748
113,主婦ライバーの扶養・税金・家族の理解｜配信を始める前に知っておきたい「お金と家庭」の話,https://note.com/taitan_118/n/n317033aa3741,True,,2026-07-14T12:20:04.036534
119,40代・50代から17LIVE（イチナナ）はアリ？大人世代に向いている理由と始め方【2026年】,https://note.com/taitan_118/n/n7a5a2ec349cf,True,,2026-07-15T00:00:24.265259
118,17LIVE・Pococha・TikTok LIVEどれがいい？性格と目的で選ぶ配信アプリ比較【20,https://note.com/taitan_118/n/nb7bd24410450,True,,2026-07-15T05:56:26.083987
117,17LIVE（イチナナ）で事務所は入るべき？後悔しない選び方と悪質事務所の見分け方【2026年】,https://note.com/taitan_118/n/n09c4354eb7b4,True,,2026-07-15T12:20:43.084296
116,17LIVE（イチナナ）は稼げる？収入の仕組みと伸ばし方をライバー事務所代表が解説【2026年】,https://note.com/taitan_118/n/n4bf4792f76c2,True,,2026-07-16T00:05:57.082442
112,40代・50代からPocochaを始める人へ｜最初の1ヶ月でやることを全部まとめた実践ガイド,https://note.com/taitan_118/n/n6955ecacc4ac,True,,2026-07-16T06:01:24.165941
111,【Pococha】新人期間にやってはいけないNG7選｜スタートダッシュを台無しにする行動と正しい過ご,https://note.com/taitan_118/n/nf18de58b6141,True,,2026-07-16T12:25:41.169084
122,【2026年版】TikTok LIVE バトル（対戦）完全攻略｜やり方・勝ち方・ギフトが増える仕組み,https://note.com/taitan_118/n/nddd528dd2f35,True,,2026-07-24T00:07:03.726488
121,【Pococha】新人期間が終わった後の「31日目の壁」の越え方｜応援が減る理由と立て直し方,https://note.com/taitan_118/n/n4986992ad122,True,,2026-07-24T06:11:20.465561
120,40代・50代ライバーで「続く人」と「辞める人」の違い｜3ヶ月目で分かれる分岐点,https://note.com/taitan_118/n/nf78821213a80,True,,2026-07-24T12:24:26.715951
132,40代・50代からのTikTok LIVE｜「若い子のアプリ」と思って諦めていた人へ【2026年版】,https://note.com/taitan_118/n/nd2d06917a050,True,,2026-07-29T00:06:01.692328
131,TikTok LIVE フォロワー1000人を超えた後にやること｜「見られる枠」から「応援される枠」,https://note.com/taitan_118/n/n464d838b2636,True,,2026-07-30T00:06:11.224826
130,"「また来たくなる枠」の作り方｜重い枠の逆をいく""軽さ""の設計【2026年版】",https://note.com/taitan_118/n/n31bbb05773c7,True,,2026-07-31T00:11:52.189308
129,【Pococha】B帯から、その先へ｜上の帯に進む人がやっていること【2026年版】,https://note.com/taitan_118/n/nbcc427031150,True,,2026-08-01T00:08:50.640245
128,ライブ配信アプリの掛け持ちはアリ？ナシ？｜Pococha・TikTok LIVE・17LIVEを併用,https://note.com/taitan_118/n/nd60f3b2578d1,True,,2026-08-02T00:05:47.090701
127,ライブ配信のトラブル対応と「リスナーさんとの距離感」｜荒らし・依存・重すぎる応援への向き合い方【20,https://note.com/taitan_118/n/n026d25da6e3c,True,,2026-08-03T00:06:44.499051
126,配信の枠タイトルの付け方｜「入ってみようかな」と思わせる一行の作り方【2026年版】,https://note.com/taitan_118/n/n22d735d2f3d6,True,,2026-08-04T00:14:34.483503
125,ライバーネーム（配信名）の決め方｜覚えてもらえる名前の条件と、あとで困らない選び方【2026年版】,,False,"NOTE_COOKIES_JSONが無効または失効（Cookieは通常1〜3ヶ月で失効）
  対処手順:
  1. ローカルで `python note_export_cookies.py` を実行
  2. ブラウザが開くので手動ログイン（CAPTCHAがあれば解く）
  3. 出力されたJSONをコピー
  4. GitHub → Settings → Secrets and variables → Actions →
     `NOTE_COOKIES_JSON` を New/Update で登録",2026-08-05T00:12:22.007400
125,ライバーネーム（配信名）の決め方｜覚えてもらえる名前の条件と、あとで困らない選び方【2026年版】,https://note.com/taitan_118/n/n5da3dba9063b,True,,2026-08-05T00:14:47.000000
143,ライバー事務所に入るタイミングはいつがベスト？｜始める前・3ヶ月後・伸び悩んだ時のどれか【2026年,https://note.com/taitan_118/n/ne6b88e379be9,True,HTTP経由で公開,2026-08-06T00:07:04.776851
142,男性ライバーが最初の3ヶ月でやるべきこと｜副業から月20〜30万円までの現実的な道のり【2026年版,https://note.com/taitan_118/n/nf958e658af62,True,HTTP経由で公開,2026-08-07T01:43:16.254473
149,ライバー事務所を開業して「最初の10人」が集まるまで｜私がやった順番と、つまずいた場所【2026年版,https://note.com/taitan_118/n/n696837722cd3,True,HTTP経由で公開,2026-08-07T23:41:02.258541
148,会社員が副業でライバーをやるなら何時に配信する？｜仕事終わりから逆算する1日の組み方【2026年版】,https://note.com/taitan_118/n/n5b3fceb32c65,True,HTTP経由で公開,2026-08-08T23:37:55.842775
147,初配信の日にやることチェックリスト｜開始2時間前から終了30分後までの流れ【2026年版】,https://note.com/taitan_118/n/nbaa73279e22b,True,HTTP経由で公開,2026-08-09T23:40:04.108253
146,TikTok LIVE は「ショート動画」を投稿してから始めるべき？｜動画とライブの関係と、人が集ま,https://note.com/taitan_118/n/n65a807191d71,True,HTTP経由で公開,2026-08-10T23:44:19.804044
145,40代・50代が顔出しなしでライブ配信を始める方法｜声だけで応援される「大人の枠」の作り方【2026,https://note.com/taitan_118/n/nf72a0ee96258,True,HTTP経由で公開,2026-08-11T23:51:57.715788
144,【Pococha】何時に配信するのが正解？｜時間帯別の特徴と「自分が勝てる枠」の選び方【2026年版,https://note.com/taitan_118/n/n01bb446c96bd,True,HTTP経由で公開,2026-08-12T23:52:03.760399
141,TikTok LIVE でコメントが来ないときの対処法｜「無言の枠」を動かす具体手順【2026年版】,https://note.com/taitan_118/n/nfa46febbb2eb,True,HTTP経由で公開,2026-08-13T23:52:08.366529
141,TikTok LIVE でコメントが来ないときの対処法｜「無言の枠」を動かす具体手順【2026年版】,https://note.com/taitan_118/n/nfa46febbb2eb,True,重複ガード: 既存記事を再利用,2026-08-13T23:54:36.836264
140,主婦ライバーの「配信時間が作れない」問題｜家事・育児の合間に1日を組み直す方法【2026年版】,https://note.com/taitan_118/n/n719cd5d2e042,True,HTTP経由で公開,2026-08-14T23:30:10.857555
140,主婦ライバーの「配信時間が作れない」問題｜家事・育児の合間に1日を組み直す方法【2026年版】,https://note.com/taitan_118/n/n719cd5d2e042,True,重複ガード: 既存記事を再利用,2026-08-14T23:32:18.611992
139,顔出しなしのまま、応援されるライバーになる方法｜声と話し方だけで距離を縮める技術【2026年版】,https://note.com/taitan_118/n/n9fb6eec737f9,True,HTTP経由で公開,2026-08-15T23:28:38.234435
139,顔出しなしのまま、応援されるライバーになる方法｜声と話し方だけで距離を縮める技術【2026年版】,https://note.com/taitan_118/n/n9fb6eec737f9,True,重複ガード: 既存記事を再利用,2026-08-15T23:30:51.713199
138,配信が「しんどい」と感じ始めたときの立て直し方｜燃え尽きる前にやる5つのこと【2026年版】,https://note.com/taitan_118/n/nab8de95080df,True,HTTP経由で公開,2026-08-16T23:28:54.209693
138,配信が「しんどい」と感じ始めたときの立て直し方｜燃え尽きる前にやる5つのこと【2026年版】,https://note.com/taitan_118/n/nab8de95080df,True,重複ガード: 既存記事を再利用,2026-08-16T23:30:58.408997
137,【Pococha】新人期間30日、1日ごとに何をすればいい？｜毎日の動きを時系列で全部書きます【20,https://note.com/taitan_118/n/n151dc2535c9e,True,HTTP経由で公開,2026-08-17T23:31:15.596685
137,【Pococha】新人期間30日、1日ごとに何をすればいい？｜毎日の動きを時系列で全部書きます【20,https://note.com/taitan_118/n/n151dc2535c9e,True,重複ガード: 既存記事を再利用,2026-08-17T23:33:25.774499
136,TikTok LIVE は何時に配信すればいい？｜時間帯の選び方と「人が集まる枠」の作り方【2026,https://note.com/taitan_118/n/nbc72e114ec01,True,HTTP経由で公開,2026-08-18T23:30:13.366103
135,40代・50代ライバーの「何を話せばいいか分からない」問題｜大人世代だから話せるテーマの作り方【20,https://note.com/taitan_118/n/n9dba6c413bee,True,HTTP経由で公開,2026-08-19T23:31:03.269891
124,ライバーの収入が「月によってバラバラ」問題｜波をならして生活を安定させる考え方【2026年版】,https://note.com/taitan_118/n/nebf20cd1e347,True,HTTP経由で公開,2026-08-20T23:34:20.633250
123,配信は週何回・何時間やればいい？｜「頻度と長さ」の決め方【2026年版】,https://note.com/taitan_118/n/n936908f376d4,True,HTTP経由で公開,2026-08-21T23:32:03.079739
164,【ライバー代理店】1日の仕事内容｜実際に時間を使っているのはどこか【2026年版】,https://note.com/taitan_118/n/n8acd2b1825e0,True,HTTP経由で公開,2026-08-23T23:29:43.031720
163,【ライバー代理店】向いている人・向いていない人｜始める前に読んでほしい話【2026年版】,https://note.com/taitan_118/n/nc932709431a0,True,HTTP経由で公開,2026-08-24T23:29:35.217966
162,【ライバー代理店】会社員をしながら代理店をやる1週間の組み方【2026年版】,https://note.com/taitan_118/n/ne10b7646b37f,True,HTTP経由で公開,2026-08-25T23:32:45.545118
161,【ライバー代理店】相談・面談で何を話すか｜信頼される受け答えの型【2026年版】,https://note.com/taitan_118/n/nb56931d43385,True,HTTP経由で公開,2026-08-27T04:29:14.544049
160,【ライバー代理店】自分のSNSから相談が来る状態の作り方｜追いかけない集客の組み方【2026年版】,https://note.com/taitan_118/n/nc724ae8b1bfe,True,HTTP経由で公開,2026-08-28T06:52:50.361187
159,専業ライバーになるタイミングの見極め方｜会社を辞める前に確認する5つ【2026年版】,https://note.com/taitan_118/n/nba77c388cdba,True,HTTP経由で公開,2026-08-29T04:07:26.531737
158,大学生ライバーの1週間の組み方｜授業・バイト・テスト期間との両立【2026年版】,https://note.com/taitan_118/n/n944fb192d459,True,HTTP経由で公開,2026-08-30T01:13:07.067879
170,会社員がライバー代理店と両立する5つの裏側｜毎日を「無理なく」変える【2026年版】,https://note.com/taitan_118/n/n582be31e666b,True,HTTP経由で公開,2026-08-31T01:21:26.612855
169,ライバー事務所開業は、準備の順序を間違えると全てが無駄になります｜成功へ導く実践手順【2026年版】,https://note.com/taitan_118/n/n0c5ab0c57d58,True,HTTP経由で公開,2026-09-01T01:47:11.074733
168,ライバー事務所の立ち上げって、集客で結局つまずくの？｜元Sランクライバーが教える、失敗しない『人の集,https://note.com/taitan_118/n/n8f217e546626,True,HTTP経由で公開,2026-09-02T00:59:30.851713
167,初めての担当ライバーが初配信で号泣。あの夜から私が変えた、事務所運営の「トラブル対応」【2026年版,https://note.com/taitan_118/n/n0830a9170fdf,True,HTTP経由で公開,2026-09-03T01:05:07.746808
166,ライバー代理店のスカウト、高返信率を追い求めるのは無意味です。むしろ重要なのは『心を開く』こと｜長く,https://note.com/taitan_118/n/n757225e527ab,True,HTTP経由で公開,2026-09-04T00:55:46.044369
