media_id,timestamp,permalink,views,likes,replies,reposts,quotes,shares,engagements,eng_rate,angle,style,has_link,text_len,hook,text
18165060112458240,2026-08-07T23:54:04+0000,https://www.threads.com/@taitanblog/post/Dbwg96sFrpo,0,0,1,0,0,0,1,0,liver,本音型,0,123,その他,よく「私なんか可愛くないし」って相談されるけど、正直関係ない。\n顔や若さ、トーク力より、一番大事なのは「続ける力」だ。配信はマラソン。一時的なブーストより、毎日コツコツ積み重ねた人が最終的に伸びる。リスナーさんは「その人の存在」に会いに来るから。
17901593751482680,2026-08-07T11:50:51+0000,https://www.threads.com/@taitanblog/post/DbvOMrDo3IV,227,0,0,0,0,0,0,0.0,liver,混在型,0,26,常識壊し型,「還元率100%+αが当たり前」って業界では嘘です。
18049321295752093,2026-08-07T01:40:30+0000,https://www.threads.com/@taitanblog/post/DbuIWPhCLFG,6,0,0,0,0,0,0,0.0,liver,混在型,1,98,告白型,正直に言うと、配信が伸び悩んでる原因はあなただけじゃないかも。\n\n🎁 新人期30日でやることを全部まとめた非売品PDF『ライバー新人期スタートダッシュガイド』を、下のリンクの友だち追加で無料配布中
17916515649223082,2026-08-06T13:00:13+0000,https://www.threads.com/@taitanblog/post/DbsxWDBFHQF,91,0,0,0,0,0,0,0.0,liver,本音型,0,27,数字チラ見せ型,先月うちに来た27歳の男性、前職は普通の会社員。今は…
17948315817036182,2026-08-05T23:54:38+0000,https://www.threads.com/@taitanblog/post/DbrXcPDFNId,461,1,0,0,0,0,1,0.0022,liver,本音型,0,28,その他,スマホ副業、結局なにが一番マシなんだろうって考えた結果。
18137507887586887,2026-08-05T12:59:11+0000,https://www.threads.com/@taitanblog/post/DbqMboBleQ7,7,0,0,0,0,0,0,0.0,liver,混在型,1,97,その他,Pocochaの“時間ダイヤ”、知らずに損してる人多すぎる。\n\n🎁 新人期30日でやることを全部まとめた非売品PDF『ライバー新人期スタートダッシュガイド』を、下のリンクの友だち追加で無料配布中
17870021847633161,2026-08-04T23:58:41+0000,https://www.threads.com/@taitanblog/post/DbozHAOj7Jm,11,0,0,0,0,0,0,0.0,agency,宣伝型,0,413,告白型,正直に言うと、ライバーを『ゼロから育てる』のはめちゃくちゃ難しい。でも、そこに仕事の面白さがある。\n\n才能を見つけても、伸び悩んだり、諦めそうになったり…壁は多い。\nでも、そんな時こそ代理店の腕の見せ所。\nあなたの営業や接客で培った「人の心を開く力」「モチベーションを引き出す力」が、ここで活きるんです。\n\nTAITAN PROなら、一人で抱え込まずに済む。\n代表たいたん（Pococha Sランク、ミクチャ1位）の育成ノウハウを体系化し、全代理店に共有。\n全国11の代理店と提携、所属200名のライバーを擁する規模だからこその、盤石なバックアップ体制があります。\n\n個人では難しいサポートも事務所と組むことで可能に。\n還元率100%+αで、あなたの努力と成果を最大限評価。\n人を応援する喜びを、諦めずに追い続けられる仕組みがTAITAN PROにはあります。\n\n営業・接客スキルが、人の夢を後押しする力になるって、どう思う？
18134878438571843,2026-08-04T13:05:41+0000,https://www.threads.com/@taitanblog/post/DbnoYRgFuPi,17,1,0,0,0,0,1,0.0588,agency,宣伝型,1,396,問いかけ型,人の成長を間近で見る仕事って、実は一番『燃える』って知ってた？\n\n配信代理店。\nそれは、ライバーの才能を見つけ、寄り添い、共に階段を上がっていくプロデューサーのような存在。\n数字を追う営業とは違う、人の心と夢を育む仕事です。\n\nうちの事務所TAITAN PROは、全国11の代理店と提携し、200名以上のライバーを育成中。\nそのノウハウとサポート体制があるからこそ、未経験からでも安心してスタートできます。\n\n「営業経験を人の応援に活かしたい」\n「副業から独立したい」\n「在宅・スキマ時間で新しいキャリアを築きたい」\n\nそんな想いを持つ方に、ぴったり。\n還元率100%+αという業界トップクラスの条件で、あなたの情熱をしっかり支えます。\n代表たいたん自身も元Pococha Sランク。確かな実績とノウハウを共有し、あなたの挑戦をサポートします。\n\nこの働き方に共感してくれる人、他にいるかな？
18615053839063911,2026-08-04T00:03:23+0000,https://www.threads.com/@taitanblog/post/DbmO2iYGKnd,12,0,0,0,0,0,0,0.0,liver,宣伝型,0,324,問いかけ型,スマホ副業、結局何が一番マシなんだろうって考えた結果、ライブ配信に行き着いた人いる？\n\nどうせ始めるなら、知っておいてほしい「還元率」の話。\n\n一般的な事務所では、ライバーの収益から手数料が引かれることが多い。\nそれが業界では「普通」と思われてるけど、TAITAN PROは「還元率100%+α」を掲げています。\n\nこれが何を意味するかというと、あなたの頑張った収益が、ほぼそのまま手元に残るということ。\nさらに「+α」のボーナスもあるから、他の事務所よりも手厚いと自負しています。\n\nこの違いは、長い目で見ると、あなたのモチベーションや生活に大きく影響するはず。\n同じ時間配信しても、手取りが全然違う。\n\n「還元率」って、正直どこまで気にしてる？
17965337472134880,2026-08-03T13:44:26+0000,https://www.threads.com/@taitanblog/post/DblIBOiG2VW,18,0,0,0,0,0,0,0.0,liver,混在型,0,366,告白型,正直に言うと、顔・若さ・トーク力は、配信で稼ぐための必須条件じゃない。\n\nむしろ、その3つよりも「続ける力」が何倍も大事。\n\n私たちの事務所で実際にブレイクしてるライバーさんを見ても、いわゆる「美男美女」や「カリスマトーク」の持ち主ばかりじゃないんです。\n最初はぎこちなくても、真摯にリスナーさんと向き合って、毎日コツコツ続けた人が圧倒的に伸びる。\n\nなぜなら、ライブ配信は「人対人」のコミュニケーションだから。\n飾らない、等身大のあなたを求めているリスナーさんが必ずいる。\n\nTAITAN PROでは、その「続ける力」をサポートするためのノウハウと環境を用意しています。\nどうすれば継続できるか、どうすればリスナーさんとの絆を深められるか、徹底的に伝授。\n\n「ライブ配信って、顔がいい人だけのものでしょ？」って、まだそう思ってる？
18088020152146516,2026-08-02T23:53:04+0000,https://www.threads.com/@taitanblog/post/Dbjo4CqFNga,14,0,0,0,0,0,0,0.0,liver,宣伝型,1,382,数字チラ見せ型,先月うちに来た28歳の会社員、副業で始めたPococha。\n仕事終わりの平日夜と、土日に少し。\n\n1日4時間、週4日程度の配信ペースで、2〜3ヶ月で月20〜30万円に到達しました。\n\nもちろん、これはあくまで一例で、配信時間や内容によって変動はあります。\nでも「毎日配信しなきゃ」とか「ずっと喋り続けなきゃ」なんてことはないんです。\n\nTAITAN PROのライバーさんには、他にも主婦や学生で、スキマ時間を活用して同じくらい稼いでいる人がたくさんいます。\n強制のノルマもありません。\n\n「自分には無理かも」って思う前に、まずは「どんな生活リズムなら配信できるか」を考えてみてほしい。\n\nこれって私にもできそう？って思った人いる？\n\n🎁 新人期30日でやることを全部まとめた非売品PDF『ライバー新人期スタートダッシュガイド』を、下のリンクの友だち追加で無料配布中
18151252807493365,2026-08-02T12:08:09+0000,https://www.threads.com/@taitanblog/post/DbiYNOmln9R,34,3,0,0,0,0,3,0.0882,liver,宣伝型,0,309,問いかけ型,「あのライバーさん、急に伸び始めたな」って思うことない？\n\nそれ、ひょっとしたら「事務所を変えた」のが理由かもしれない。\n\n配信は個人戦に見えて、実はチーム戦。\n伸び悩んでる原因が自分自身にあると思い込んでる人も多いけど、実は「所属事務所との相性」だったり、「サポート体制」の問題だったりするケースが結構あるんです。\n\nTAITAN PROには、現役で伸び悩んでた人が移籍してきて、あっという間にブレイクした事例も多い。\n\n育成経験豊富なマネージャー陣が、あなたに合った戦略をゼロから一緒に考えます。\n「どこも同じでしょ」って思ってるなら、一度お話ししてみませんか？\n\n経験者から見て、今の配信で一番の悩みは何ですか？
17934934425101946,2026-08-01T23:51:54+0000,https://www.threads.com/@taitanblog/post/DbhD8vHj10G,8,2,0,0,0,0,2,0.25,liver,混在型,0,337,その他,無理して毎日配信しなくていい、ってまず言いたい。\n\n「稼がなきゃ」で始めると続かないって、未経験の人は特にそう。\n\n多くの人が配信を始めて数週間でつまずくんです。\nリスナーさんとの会話が続かない、投げ銭が伸びない、何を話せばいいか分からない…。\n\nでもそれ、ぜんぶ「誰もが通る道」だから大丈夫。\nTAITAN PROでは、そんな最初のつまずきを乗り越えるための具体的なノウハウを、元Sランクライバーの代表たいたんが直接教えています。\n\nどうすれば会話が続くか、どうすればリスナーが増えるか、どうすれば報酬につながるか。\n一人ひとりに合わせて徹底的にサポート。\n\n大事なのは「完璧なスタート」じゃなくて「途中で諦めないこと」。\nもし始める前に不安があるなら、どんなことが心配？
18047810852586980,2026-08-01T12:05:48+0000,https://www.threads.com/@taitanblog/post/DbfzI5kILZM,10,0,0,0,0,0,0,0.0,liver,混在型,1,394,その他,Pocochaの「時間ダイヤ」知らずに損してる人、かなり多い。\n\nこれがあるから、ライブ配信は実は顔とかトーク力じゃなくて「続けること」が一番大事なんです。\n\n投げ銭がゼロの日でも、配信した時間に応じて報酬が確定で発生する仕組み。\n\nだから初心者でも「今日はダメだった…」って落ち込まずに、明日また頑張ろうって思える。\n\nうちの事務所には、そんなPocochaの仕組みを最大限に活用して、未経験から始めて月20〜30万円を安定的に稼ぐライバーがたくさんいます。\n\nもちろん、月によって変動はありますが、土日だけとか、平日夜だけの人も多い。\nまずは続けることを目標にできるのが、Pocochaの最大の魅力かもしれません。\n\nこの「時間ダイヤ」って知ってた？\n\n🎁 新人期30日でやることを全部まとめた非売品PDF『ライバー新人期スタートダッシュガイド』を、下のリンクの友だち追加で無料配布中
17978271855113075,2026-07-31T23:56:02+0000,https://www.threads.com/@taitanblog/post/DbefoBHGdpK,8,0,0,0,0,0,0,0.0,agency,宣伝型,0,374,問いかけ型,無理して会社に縛られなくても、才能を見つける仕事はできる。そう思いませんか？\n\n毎日ルーティンをこなすだけの営業、もう飽きちゃいましたか？\n「在宅で、自分のペースで、人の才能を見つけ出す仕事」があるとしたら、興味あります？\n\nTAITAN PROの配信代理店は、まさにそれ。\nスマホ一つでライバー候補を発掘し、彼らが輝くためのサポートをする。\n元営業職や接客業の方が「あの時の経験がこんな形で活きるなんて！」と驚くケースが本当に多いんです。\nトーク力、観察力、人に寄り添う力。\n\n私たちが持つ200名以上のライバー育成ノウハウと、還元率100%+αの体制が、あなたの挑戦を力強く支えます。\n個人の才能を最大限に引き出し、一緒に夢を追いかける。これ、めちゃくちゃ楽しいですよ。\n\n営業経験ある方、自分のスキルが活きる意外な仕事って他にもあるのかな？💬
